G009.9702-00.5292,PN
G010.0500-00.6863,Radio-Galaxy (Lobe)
G010.0572-00.6833,IR-Quiet
G010.0660+00.9956,IR-Quiet
G010.0989+00.7393,PN
G010.1232-00.9590,Radio-Galaxy (Lobe)
G010.1237-00.9564,Radio-Galaxy (Lobe)
G010.2804+00.4549,IR-Quiet
G010.2966+00.8805,Radio-Galaxy (Lobe)
G010.2999+00.8788,Radio-Galaxy (Lobe)
G010.3009-00.1477,UCHII
G010.3129+00.4342,IR-Quiet
G010.3204-00.2328,UCHII
G010.3204-00.2586,UCHII
G010.3377+01.0601,IR-Quiet
G010.3599+00.1307,IR-Quiet
G010.3976-00.9472,IR-Quiet
G010.4168+00.9356,PN
G010.4624+00.0343,HII-Region
G010.4724+00.0275,UCHII
G010.4727-00.6742,IR-Quiet
G010.4736+00.0274,UCHII
G010.5100-01.0017,IR-Quiet
G010.5894-00.8981,IR-Quiet
G010.5960-00.8733,PN
G010.6218-00.3848,UCHII
G010.6223-00.3788,UCHII
G010.6234-00.3837,UCHII
G010.6240-00.3813,UCHII
G010.6297-00.3380,UCHII
G010.6333-00.1744,IR-Quiet
G010.6790-00.1668,IR-Quiet
G010.8304-00.8875,Radio-Galaxy (Lobe)
G010.8519-00.4407,UCHII
G010.8654-00.8883,IR-Quiet
G010.8677-00.0052,IR-Quiet
G010.9254+00.0265,IR-Quiet
G010.9584+00.0221,UCHII
G010.9656+00.0089,UCHII
G010.9857+00.7012,IR-Quiet
G011.0078+00.5894,IR-Quiet
G011.0328+00.0274,UCHII
G011.0368+01.0899,IR-Quiet
G011.0541+00.4864,Radio-Galaxy (Lobe)
G011.0548+00.4866,Radio-Galaxy (Lobe)
G011.1104-00.3985,UCHII
G011.1712-00.0662,UCHII
G011.2436+01.0526,IR-Quiet
G011.3266-00.3718,PN
G011.3441-00.0381,IR-Quiet
G011.4290-01.0091,PN
G011.4539-00.9359,Radio-Galaxy (Lobe)
G011.4545-00.9354,Radio-Galaxy (Lobe)
G011.4581+01.0736,PN
G011.4646+01.0091,IR-Quiet
G011.4697-01.0568,Radio-Star
G011.5319-01.1015,IR-Quiet
G011.6811-00.7307,IR-Quiet
G011.7044+00.8418,IR-Quiet
G011.7182-00.9321,Radio-Galaxy (Lobe)
G011.7210-00.4916,PN
G011.7434-00.6502,PN
G011.7900-00.1022,PN
G011.8019+00.6863,IR-Quiet
G011.8367-00.1737,IR-Quiet
G011.9032-00.1407,UCHII
G011.9039-00.1411,UCHII
G011.9222+01.0978,Radio-Galaxy (Lobe)
G011.9368-00.6158,UCHII
G011.9446-00.0369,UCHII
G011.9521-00.9421,IR-Quiet
G011.9709+00.1913,Radio-Galaxy (Central Source)
G011.9786-00.0973,UCHII
G012.0438-00.5077,PN
G012.0466-00.4138,Radio-Galaxy (Lobe)
G012.0775+00.5111,Radio-Star
G012.0959-00.4438,IR-Quiet
G012.1157+00.0757,PN
G012.1225-00.5000,Radio-Galaxy (Lobe)
G012.1279+00.7202,IR-Quiet
G012.1402+00.7433,IR-Quiet
G012.1528-00.3304,PN
G012.1538+00.4128,IR-Quiet
G012.1772+00.6886,IR-Quiet
G012.1988-00.0345,UCHII
G012.2081-00.1019,UCHII
G012.3315-00.1806,PN
G012.3568-00.7887,IR-Quiet
G012.3830+00.7990,PN
G012.4048-00.4216,Radio-Star
G012.4294-00.0479,UCHII
G012.4317-01.1112,UCHII
G012.4804+00.6265,IR-Quiet
G012.5504-00.2859,IR-Quiet
G012.6012+00.5592,PN
G012.6541+00.8428,IR-Quiet
G012.6550-00.9622,Radio-Galaxy (Lobe)
G012.7429+00.5405,Radio-Galaxy (Lobe)
G012.7438+00.5379,Radio-Galaxy (Lobe)
G012.8050-00.2007,UCHII
G012.8131-00.1976,UCHII
G012.8162+00.5576,IR-Quiet
G012.8216+00.2165,IR-Quiet
G012.9753-00.2140,IR-Quiet
G012.9995-00.3583,UCHII
G013.0276+00.8617,Radio-Star
G013.0519+00.7544,IR-Quiet
G013.0990+00.1839,IR-Quiet
G013.1251+00.5994,IR-Quiet
G013.1729-01.0260,IR-Quiet
G013.1733-00.5262,IR-Quiet
G013.2054-00.1089,Radio-Star
G013.2099-00.1428,UCHII
G013.2370-00.2808,IR-Quiet
G013.2677+00.7740,IR-Quiet
G013.3565-00.7559,PN
G013.3850+00.0684,UCHII
G013.4565+00.6716,IR-Quiet
G013.4578-00.4588,Radio-Galaxy (Lobe)
G013.4585-00.4594,Radio-Galaxy (Lobe)
G013.4701+00.3002,IR-Quiet
G013.4895-00.7408,IR-Quiet
G013.5478-00.7379,IR-Quiet
G013.6313-00.6023,PN
G013.6843-00.6724,IR-Quiet
G013.7505+00.3195,IR-Quiet
G013.7761+00.7770,IR-Quiet
G013.8700+00.5408,Radio-Galaxy (Lobe)
G013.8725-00.0915,IR-Quiet
G013.8726+00.2818,UCHII
G013.8826+00.5410,Radio-Galaxy (Lobe)
G013.9079-00.4406,IR-Quiet
G013.9166+00.6500,PN
G013.9338-00.3292,Other
G013.9722-00.6040,IR-Quiet
G014.0189+00.2090,Radio-Galaxy (Lobe)
G014.0229-00.2707,IR-Quiet
G014.0240+00.2091,Radio-Galaxy (Lobe)
G014.0354+00.3221,IR-Quiet
G014.1046+00.0918,UCHII
G014.1337+00.0407,Radio-Star
G014.1500+00.4388,Radio-Galaxy (Lobe)
G014.1503+00.4380,Radio-Galaxy (Lobe)
G014.1741+00.0245,UCHII
G014.2365+00.2117,PN
G014.2460-00.0728,UCHII
G014.2668-00.2718,IR-Quiet
G014.3344+00.0335,IR-Quiet
G014.3428-00.2678,IR-Quiet
G014.3830-00.5144,Radio-Galaxy (Lobe)
G014.4573-00.1847,PN
G014.4894+00.0194,HII-Region
G014.5838-00.7321,IR-Quiet
G014.5851+00.4613,PN
G014.5988+00.0198,UCHII
G014.6452-00.0604,IR-Quiet
G014.6765-00.5789,IR-Quiet
G014.7252-00.8850,IR-Quiet
G014.7503-00.2496,PN
G014.7745+00.9957,IR-Quiet
G014.7785-00.3328,UCHII
G014.7894+00.7853,IR-Quiet
G014.7943+00.1151,IR-Quiet
G014.8379+00.0570,IR-Quiet
G014.8525-01.0925,IR-Quiet
G014.8662-00.9065,IR-Quiet
G014.8960+00.4837,PN
G015.1293-00.3916,Radio-Star
G015.1577-00.0401,IR-Quiet
G015.1674+00.7979,Radio-Galaxy (Lobe)
G015.1686+00.7963,Radio-Galaxy (Lobe)
G015.1999-00.0863,PN
G015.2513-00.9113,IR-Quiet
G015.2613+00.9017,IR-Quiet
G015.2814-00.1595,IR-Quiet
G015.2865-00.8225,IR-Quiet
G015.2941-00.8707,IR-Quiet
G015.3572-00.0380,IR-Quiet
G015.3581+00.1342,IR-Quiet
G015.3647-00.2955,IR-Quiet
G015.3956+00.6735,IR-Quiet
G015.4559-00.8053,IR-Quiet
G015.4857+00.3403,Radio-Galaxy (Lobe)
G015.4902+00.3412,Radio-Galaxy (Lobe)
G015.5410+00.3359,PN
G015.5457-00.2076,IR-Quiet
G015.5673+00.7183,IR-Quiet
G015.5703-00.1208,Radio-Star
G015.5847+00.4002,PN
G015.6192+01.1190,Radio-Galaxy (Lobe)
G015.6291+01.1161,Radio-Galaxy (Lobe)
G015.6486-01.1225,IR-Quiet
G015.7267+00.2645,IR-Quiet
G015.7442+00.7235,IR-Quiet
G015.7489+00.6817,IR-Quiet
G015.7550-01.0434,IR-Quiet
G015.7554-00.6412,IR-Quiet
G015.7993-00.0063,PN
G015.8858+01.1424,IR-Quiet
G015.9715-00.3448,IR-Quiet
G015.9917+00.9423,IR-Quiet
G016.0288-00.6632,IR-Quiet
G016.0550+00.8280,PN
G016.1448+00.0088,UCHII
G016.1826+00.7680,IR-Quiet
G016.2068-00.5319,IR-Quiet
G016.2691+00.3579,Radio-Star
G016.2697+00.3588,Radio-Star
G016.2872+00.2368,Radio-Galaxy (Lobe)
G016.2881+00.2397,Radio-Galaxy (Lobe)
G016.2951-00.5728,IR-Quiet
G016.3087+00.6707,IR-Quiet
G016.3753-00.5197,IR-Quiet
G016.3913-00.1383,UCHII
G016.4034-00.5740,PN
G016.4276+01.0072,PN
G016.4708+00.1500,IR-Quiet
G016.4999+00.1152,PN
G016.5090+00.0557,IR-Quiet
G016.5303-00.3264,IR-Quiet
G016.5574+00.4537,IR-Quiet
G016.6002-00.2754,PN
G016.6197+00.5979,IR-Quiet
G016.6473-00.2138,Radio-Galaxy (Lobe)
G016.6482-00.2165,Radio-Galaxy (Lobe)
G016.6665+00.6934,IR-Quiet
G016.6685+00.3818,IR-Quiet
G016.6762+00.4424,IR-Quiet
G016.6923+00.1393,IR-Quiet
G016.6995-00.9775,IR-Quiet
G016.7280-00.1667,IR-Quiet
G016.7598-00.6207,IR-Quiet
G016.7821-00.6178,IR-Quiet
G016.7843-01.0577,Radio-Galaxy (Lobe)
G016.7853-01.0585,Radio-Galaxy (Lobe)
G016.7942-01.0609,Radio-Galaxy (Lobe)
G016.8035+00.2124,IR-Quiet
G016.8196+00.0332,IR-Quiet
G016.8332+00.6030,IR-Quiet
G016.8481-00.5670,IR-Quiet
G016.9251+00.0084,IR-Quiet
G016.9311+00.1790,IR-Quiet
G016.9445-00.0738,UCHII
G016.9471+00.6451,IR-Quiet
G016.9511-00.5432,IR-Quiet
G016.9519-00.5425,IR-Quiet
G016.9957+00.8562,IR-Quiet
G017.0152-00.1906,PN
G017.0299-00.0696,UCHII
G017.0479+01.0853,IR-Quiet
G017.0486+00.1693,Radio-Galaxy (Lobe)
G017.0487+00.1701,Radio-Galaxy (Lobe)
G017.0929+00.5713,Radio-Star
G017.0983-00.5434,IR-Quiet
G017.1141-00.1124,UCHII
G017.1651+00.4011,Radio-Galaxy (Lobe)
G017.1663+00.4004,Radio-Galaxy (Lobe)
G017.1824-00.2349,IR-Quiet
G017.2233+00.3952,Radio-Star
G017.2268+00.8801,IR-Quiet
G017.2278+00.8802,IR-Quiet
G017.2304-00.6994,IR-Quiet
G017.2507+00.1675,IR-Quiet
G017.2519-00.4574,IR-Quiet
G017.2657-00.5719,IR-Quiet
G017.2846+00.5113,IR-Quiet
G017.3163-00.8377,IR-Quiet
G017.3179-00.9186,IR-Quiet
G017.3215-00.6936,IR-Quiet
G017.3495-00.0867,IR-Quiet
G017.3669+00.5224,PN
G017.3679+00.7151,IR-Quiet
G017.3902+00.9020,IR-Quiet
G017.4147+00.3791,PN
G017.4275+00.2999,IR-Quiet
G017.4464-00.6615,IR-Quiet
G017.4487+00.1146,PN
G017.4628+00.9135,IR-Quiet
G017.5146-00.4247,IR-Quiet
G017.5549+00.1654,UCHII
G017.5583-01.0515,IR-Quiet
G017.6578+00.2090,IR-Quiet
G017.6588-00.3363,Radio-Galaxy (Lobe)
G017.6618-00.3327,Radio-Galaxy (Lobe)
G017.6665+00.1127,IR-Quiet
G017.6888+00.9557,Radio-Galaxy (Lobe)
G017.6888+00.9578,Radio-Galaxy (Lobe)
G017.6964-00.9414,IR-Quiet
G017.7098+00.7672,IR-Quiet
G017.7250-00.2427,PN
G017.7716+00.4085,IR-Quiet
G017.7774-00.7373,IR-Quiet
G017.7794-00.0082,IR-Quiet
G017.7975+00.0570,IR-Quiet
G017.8222+00.9866,PN
G017.8409-00.1765,IR-Quiet
G017.8566-00.0002,Radio-Galaxy (Central Source)
G017.8645+00.2120,PN
G017.8725-00.0171,IR-Quiet
G017.9013-00.5415,IR-Quiet
G017.9080-00.5811,Radio-Galaxy (Central Source)
G017.9098+00.3711,Radio-Galaxy (Lobe)
G017.9101+00.3721,Radio-Galaxy (Lobe)
G017.9141-00.3297,IR-Quiet
G017.9275+00.6337,Radio-Star
G017.9383+00.8977,IR-Quiet
G017.9825+00.6833,IR-Quiet
G017.9850+00.1266,UCHII
G018.0438+00.7493,IR-Quiet
G018.0439+00.4202,IR-Quiet
G018.0558-00.7339,IR-Quiet
G018.0661+00.8535,PN
G018.0927+01.1665,Radio-Galaxy (Lobe)
G018.1050+00.1863,Radio-Galaxy (Lobe)
G018.1065+00.1850,Radio-Galaxy (Lobe)
G018.1286-00.2189,PN
G018.1460-00.2839,UCHII
G018.2218-00.9806,IR-Quiet
G018.2319+00.3946,Radio-Galaxy (Lobe)
G018.2364+00.3980,Radio-Galaxy (Lobe)
G018.2402-00.9152,PN
G018.2413-00.5552,PN
G018.2658+00.2862,Radio-Galaxy (Lobe)
G018.3024-00.3910,UCHII
G018.3117+01.0446,IR-Quiet
G018.3176+01.0378,IR-Quiet
G018.3958+00.0500,Galaxy
G018.4177+00.3184,IR-Quiet
G018.4426+00.3008,IR-Quiet
G018.4433-00.0056,UCHII
G018.4524-00.5133,IR-Quiet
G018.4614-00.0038,UCHII
G018.4719+00.3401,Radio-Star
G018.4887+00.8996,IR-Quiet
G018.4940+00.2735,IR-Quiet
G018.4945+00.2729,IR-Quiet
G018.4960-00.2453,IR-Quiet
G018.5073-00.9692,IR-Quiet
G018.5242+00.1519,PN
G018.5392-00.9688,IR-Quiet
G018.5473+00.7354,IR-Quiet
G018.5755-00.6210,IR-Quiet
G018.5776-00.7484,PN
G018.6048-01.0868,IR-Quiet
G018.6345+00.8901,IR-Quiet
G018.6654+00.0294,UCHII
G018.6661-00.7789,IR-Quiet
G018.6738-00.2363,HII-Region
G018.6787-00.4106,IR-Quiet
G018.6961-00.4012,IR-Quiet
G018.7086-00.1265,Radio-Star
G018.7106+00.0002,UCHII
G018.7534-00.4946,Radio-Galaxy (Lobe)
G018.7550-00.4980,Radio-Galaxy (Lobe)
G018.7612+00.2630,UCHII
G018.7859+00.6328,Radio-Galaxy (Central Source)
G018.8055-00.7554,IR-Quiet
G018.8250-00.4675,UCHII
G018.8338-00.3002,UCHII
G018.8492+00.2167,Radio-Star
G018.8694+00.1854,IR-Quiet
G018.8722-00.1942,Radio-Galaxy (Lobe)
G018.8726-00.1953,Radio-Galaxy (Lobe)
G018.8750-00.3599,IR-Quiet
G018.8773-00.6127,IR-Quiet
G018.8778+00.2282,IR-Quiet
G018.9062+00.5663,IR-Quiet
G018.9195-01.0872,IR-Quiet
G018.9537-00.1760,IR-Quiet
G019.0035+00.1280,UCHII
G019.0225+01.0444,IR-Quiet
G019.0578+00.4045,IR-Quiet
G019.0754-00.2874,UCHII
G019.0767-00.2882,UCHII
G019.0929+01.0389,IR-Quiet
G019.1240+00.9057,IR-Quiet
G019.1460-00.1029,IR-Quiet
G019.1613+00.8923,IR-Quiet
G019.2024-00.5677,Radio-Star
G019.2122-00.6751,IR-Quiet
G019.2356+00.4951,PN
G019.3528-00.6566,IR-Quiet
G019.3781+00.7674,IR-Quiet
G019.3836-00.4611,IR-Quiet
G019.3942-00.1463,IR-Quiet
G019.4315-00.8239,IR-Quiet
G019.4512-01.0187,IR-Quiet
G019.4676-00.0154,PN
G019.4689+00.9689,IR-Quiet
G019.4752+00.1728,UCHII
G019.4912+00.1352,HII-Region
G019.5092-00.4374,IR-Quiet
G019.5326+00.7308,PN
G019.5814-00.5818,IR-Quiet
G019.5869-00.3490,IR-Quiet
G019.6062-00.9018,HII-Region
G019.6087-00.2351,UCHII
G019.6090-00.2313,UCHII
G019.6212-00.7008,Radio-Galaxy (Lobe)
G019.6232-00.7025,Radio-Galaxy (Lobe)
G019.6290+00.9724,IR-Quiet
G019.6348-00.9050,IR-Quiet
G019.6631+00.1784,IR-Quiet
G019.6670+00.2724,IR-Quiet
G019.6781-00.1318,HII-Region
G019.6845+00.8479,IR-Quiet
G019.6969+00.0672,IR-Quiet
G019.7281-00.1135,UCHII
G019.7407+00.2821,HII-Region
G019.7493-01.1553,IR-Quiet
G019.7549-00.1282,UCHII
G019.8100-00.9927,IR-Quiet
G019.8116-00.4471,IR-Quiet
G019.8662-00.3575,IR-Quiet
G019.8925-00.6241,IR-Quiet
G019.9298-00.6639,PN
G019.9427+00.7581,IR-Quiet
G019.9448+00.9126,PN
G019.9539-00.2502,IR-Quiet
G019.9548-00.5305,IR-Quiet
G020.0644-00.8768,IR-Quiet
G020.0720-00.1421,UCHII
G020.0760+00.9320,Galaxy
G020.0789-00.1383,HII-Region
G020.0797-00.1337,UCHII
G020.0809-00.1362,UCHII
G020.1503+00.5058,IR-Quiet
G020.1612+00.4510,IR-Quiet
G020.1737+01.0951,IR-Quiet
G020.1859-01.0369,IR-Quiet
G020.1951+00.6754,IR-Quiet
G020.2153-00.1236,IR-Quiet
G020.2513+00.9903,IR-Quiet
G020.3218+00.7088,IR-Quiet
G020.3529-00.8659,IR-Quiet
G020.3633-00.0136,UCHII
G020.3664+00.4496,IR-Quiet
G020.3665+00.4489,IR-Quiet
G020.3781-00.2144,IR-Quiet
G020.3839+00.1602,IR-Quiet
G020.3969-00.7921,IR-Quiet
G020.3979-00.7921,IR-Quiet
G020.4092+00.0996,IR-Quiet
G020.4319+00.3572,HII-Region
G020.4530+00.0626,Radio-Galaxy (Central Source)
G020.4681+00.6793,PN
G020.5176+00.4778,PN
G020.5266+00.9522,IR-Quiet
G020.5281+00.9542,IR-Quiet
G020.5896+00.4242,IR-Quiet
G020.5899+00.6569,IR-Quiet
G020.5933-00.1298,IR-Quiet
G020.6015+00.0206,PN
G020.6457-00.6833,IR-Quiet
G020.6568-00.9640,Radio-Star
G020.6852+00.2046,IR-Quiet
G020.7212+00.1054,IR-Quiet
G020.7241+00.0061,IR-Quiet
G020.7243+00.1581,IR-Quiet
G020.7303-00.6053,IR-Quiet
G020.7316+00.4201,Radio-Galaxy (Lobe)
G020.7381+00.4178,Radio-Galaxy (Lobe)
G020.7619-00.0646,UCHII
G020.7732-00.7293,IR-Quiet
G020.7989+00.1225,IR-Quiet
G020.8085+00.3700,IR-Quiet
G020.8133+00.4323,IR-Quiet
G020.8967-01.0373,IR-Quiet
G020.9232+00.2115,Radio-Galaxy (Lobe)
G020.9238+00.2133,Radio-Galaxy (Lobe)
G020.9298-00.1722,IR-Quiet
G020.9635-00.6848,IR-Quiet
G020.9636-00.0744,UCHII
G020.9640+00.5540,IR-Quiet
G020.9689+00.9779,Radio-Star
G020.9782+00.9253,PN
G021.0508-00.6688,IR-Quiet
G021.1653+00.4755,PN
G021.3076+00.0835,IR-Quiet
G021.3155-00.1625,IR-Quiet
G021.3402-01.0880,IR-Quiet
G021.3425-00.8423,PN
G021.3474-00.6294,IR-Quiet
G021.3571-00.1766,UCHII
G021.3855-00.2541,UCHII
G021.4146-00.1112,Radio-Star
G021.4257-00.5417,HII-Region
G021.4495+00.7817,IR-Quiet
G021.4533-00.3665,IR-Quiet
G021.5255+00.4792,IR-Quiet
G021.5835+00.7764,IR-Quiet
G021.6034-00.1685,UCHII
G021.6079+00.9366,IR-Quiet
G021.6144+00.9356,IR-Quiet
G021.6149+00.9354,IR-Quiet
G021.6221-00.7422,IR-Quiet
G021.6553-00.3612,IR-Quiet
G021.6657+00.8110,PN
G021.6849-00.7381,PN
G021.7622+01.0163,Radio-Star
G021.7639+00.9012,IR-Quiet
G021.7701+00.8423,IR-Quiet
G021.7945+00.7229,IR-Quiet
G021.8201-00.4779,PN
G021.8534+00.6441,IR-Quiet
G021.8751+00.0075,UCHII
G021.9015+00.1125,IR-Quiet
G021.9047+00.1071,IR-Quiet
G021.9176+00.4783,IR-Quiet
G021.9397+00.6685,IR-Quiet
G021.9412+00.6670,IR-Quiet
G021.9573+00.9421,IR-Quiet
G021.9608+01.0394,IR-Quiet
G021.9836+00.7962,IR-Quiet
G021.9972-00.8838,PN
G022.1451+00.3401,IR-Quiet
G022.1540-00.1542,Radio-Star
G022.1556-00.1565,Radio-Star
G022.1794+00.7537,IR-Quiet
G022.1992-00.7565,IR-Quiet
G022.2058+00.3644,IR-Quiet
G022.2112+00.2250,IR-Quiet
G022.2211+00.9009,PN
G022.2703+00.5803,IR-Quiet
G022.2739-00.4937,IR-Quiet
G022.3091+00.9084,IR-Quiet
G022.4012+00.6417,IR-Quiet
G022.5065+00.8305,IR-Quiet
G022.5477-00.1061,PN
G022.6127-00.9795,IR-Quiet
G022.6128-00.9753,IR-Quiet
G022.6134-00.9748,IR-Quiet
G022.6429-00.4422,PN
G022.6580+00.2959,PN
G022.6593+00.1249,IR-Quiet
G022.6811-00.6638,Radio-Galaxy (Lobe)
G022.6880-00.6694,Radio-Galaxy (Lobe)
G022.7019+00.0461,IR-Quiet
G022.7080+00.2429,IR-Quiet
G022.7194-00.1940,IR-Quiet
G022.7575+00.0619,IR-Quiet
G022.7797+00.3123,IR-Quiet
G022.7983-00.5386,IR-Quiet
G022.8158-00.7286,IR-Quiet
G022.8161-00.4742,IR-Quiet
G022.8687+00.0061,IR-Quiet
G022.8698+00.0073,IR-Quiet
G022.9117-00.2879,IR-Quiet
G022.9333-00.0760,IR-Quiet
G022.9368-00.0736,IR-Quiet
G022.9481+00.6034,IR-Quiet
G022.9744-00.3921,IR-Quiet
G023.0206+00.1901,IR-Quiet
G023.0588+00.5182,IR-Quiet
G023.0660+00.5185,Radio-Galaxy (Lobe)
G023.0883+00.2242,IR-Quiet
G023.1027+00.2539,IR-Quiet
G023.1095+00.6147,IR-Quiet
G023.1657-00.9146,IR-Quiet
G023.1679-00.3464,IR-Quiet
G023.1974-00.0006,UCHII
G023.2321+00.0809,PN
G023.2401-00.8724,IR-Quiet
G023.2654+00.0765,UCHII
G023.2925-00.2785,IR-Quiet
G023.2938-00.2775,IR-Quiet
G023.3695-01.0344,Radio-Galaxy (Lobe)
G023.3716-01.0342,Radio-Galaxy (Lobe)
G023.4008+01.1297,IR-Quiet
G023.4181-00.3940,PN
G023.4186+00.0089,IR-Quiet
G023.4553-00.2010,UCHII
G023.4835+00.0964,UCHII
G023.5044-00.5245,PN
G023.5400+00.8716,IR-Quiet
G023.5586-00.3242,IR-Quiet
G023.5610-00.5920,IR-Quiet
G023.5635-00.8705,IR-Quiet
G023.6210-00.2025,IR-Quiet
G023.6483+00.6293,IR-Quiet
G023.6634-00.5630,IR-Quiet
G023.6645-00.0373,IR-Quiet
G023.6893+00.0791,Radio-Star
G023.6978-01.0242,Radio-Galaxy (Lobe)
G023.7014-01.0234,Radio-Galaxy (Lobe)
G023.7067+01.0167,Radio-Galaxy (Lobe)
G023.7074+00.1646,HII-Region
G023.7096-00.0989,IR-Quiet
G023.7106+01.0085,Radio-Galaxy (Lobe)
G023.7110+00.1705,UCHII
G023.7121+00.9647,IR-Quiet
G023.7832-00.3047,IR-Quiet
G023.8214-00.5788,PN
G023.8370-00.7304,IR-Quiet
G023.8618-00.1250,UCHII
G023.8897-00.7379,PN
G023.8985+00.0647,UCHII
G023.9029+00.5423,IR-Quiet
G023.9043+00.4431,IR-Quiet
G023.9550-01.1384,IR-Quiet
G023.9564+00.1493,UCHII
G023.9582+00.2122,Radio-Galaxy (Lobe)
G023.9600+01.0543,IR-Quiet
G023.9670-00.4078,IR-Quiet
G024.0398+01.0340,IR-Quiet
G024.0943-01.0992,PN
G024.0991+00.7236,IR-Quiet
G024.1197+00.1261,IR-Quiet
G024.1306+01.0275,IR-Quiet
G024.1468+00.1742,IR-Quiet
G024.1632+00.3421,IR-Quiet
G024.1659+00.2502,PN
G024.1789+00.5633,IR-Quiet
G024.1804+00.5650,IR-Quiet
G024.1839+00.1199,UCHII
G024.1949+00.1145,IR-Quiet
G024.2104+01.1167,IR-Quiet
G024.2410+00.2330,IR-Quiet
G024.3206+00.0665,IR-Quiet
G024.3218+00.7249,IR-Quiet
G024.3368-00.1574,IR-Quiet
G024.3852+00.2869,PN
G024.3857+00.2868,PN
G024.3933-00.0722,IR-Quiet
G024.3970-00.0701,IR-Quiet
G024.3973+00.7938,IR-Quiet
G024.4173+00.9967,Radio-Galaxy (Lobe)
G024.4180+00.9985,Radio-Galaxy (Lobe)
G024.4308-01.0165,IR-Quiet
G024.4513+00.7920,Radio-Star
G024.4535-00.6171,IR-Quiet
G024.4539+00.2294,Radio-Galaxy (Central Source)
G024.4569+00.3300,IR-Quiet
G024.4576-00.1903,IR-Quiet
G024.4639+00.2458,IR-Quiet
G024.4698+00.4954,UCHII
G024.4721+00.4877,UCHII
G024.4736+00.4950,UCHII
G024.4859+00.6142,IR-Quiet
G024.4921-00.0386,UCHII
G024.4954-00.8038,IR-Quiet
G024.5065-00.2224,UCHII
G024.5330+00.0270,IR-Quiet
G024.5343-00.1020,Radio-Star
G024.5405-00.1378,IR-Quiet
G024.5412+00.5996,IR-Quiet
G024.6262+00.9397,IR-Quiet
G024.6310-00.6239,IR-Quiet
G024.6654+00.4692,IR-Quiet
G024.6721+00.4995,IR-Quiet
G024.6775+00.5493,Radio-Star
G024.6861-01.0562,IR-Quiet
G024.7311+00.5508,IR-Quiet
G024.7407+00.7889,IR-Quiet
G024.7529-00.7246,IR-Quiet
G024.7875+00.3414,IR-Quiet
G024.7889+00.0824,Dark HII-Region
G024.7898+00.0833,Dark HII-Region
G024.7921-01.0043,PN
G024.7984+00.0967,HII-Region
G024.8497+00.0881,UCHII
G024.8959+00.4586,PN
G024.9060+00.4149,IR-Quiet
G024.9237+00.0777,HII-Region
G025.0079+01.0336,Radio-Galaxy (Lobe)
G025.0133+01.0319,Radio-Galaxy (Lobe)
G025.0180+00.3032,IR-Quiet
G025.0449-00.5195,IR-Quiet
G025.0456+00.6723,IR-Quiet
G025.0485-00.6621,PN
G025.0573+00.1790,IR-Quiet
G025.0695-00.1890,IR-Quiet
G025.1086-00.7059,IR-Quiet
G025.1388+00.8008,IR-Quiet
G025.1519-00.8656,IR-Quiet
G025.2049+00.1250,IR-Quiet
G025.2365-00.1499,Radio-Galaxy (Lobe)
G025.2507-00.1394,Radio-Galaxy (Central Source)
G025.2526-01.0098,IR-Quiet
G025.2531-00.1379,Radio-Galaxy (Lobe)
G025.2584+01.0000,IR-Quiet
G025.2664-00.1612,IR-Quiet
G025.3055+00.5305,HII-Region
G025.3182+00.4455,IR-Quiet
G025.3199-00.0984,IR-Quiet
G025.3809-00.1815,UCHII
G025.3824-00.1812,UCHII
G025.3948+00.0332,UCHII
G025.3970+00.5614,UCHII
G025.3981-00.1411,UCHII
G025.3983+00.5617,UCHII
G025.3991-00.1366,UCHII
G025.4722-00.6269,IR-Quiet
G025.4756+00.6467,IR-Quiet
G025.4860+00.9649,IR-Quiet
G025.4892+00.8283,IR-Quiet
G025.5190+00.2165,PN
G025.5198+00.9992,IR-Quiet
G025.5668+01.0304,IR-Quiet
G025.5769+00.1389,PN
G025.5818+00.9829,IR-Quiet
G025.5867+00.0171,IR-Quiet
G025.6046-00.0381,IR-Quiet
G025.6054+00.4428,IR-Quiet
G025.6350+00.9811,IR-Quiet
G025.6391+00.5301,IR-Quiet
G025.6394+00.5310,IR-Quiet
G025.7028+00.8434,IR-Quiet
G025.7135+00.6950,IR-Quiet
G025.7157+00.0487,UCHII
G025.7739+00.4389,IR-Quiet
G025.7884+00.0772,IR-Quiet
G025.8011-00.1568,UCHII
G025.8140-00.3765,IR-Quiet
G025.8274-00.8566,IR-Quiet
G025.8453-00.4433,IR-Quiet
G025.8466+01.1718,PN
G025.8758+00.8048,IR-Quiet
G025.8818-00.4026,IR-Quiet
G025.9035+01.0403,IR-Quiet
G025.9939-01.0821,IR-Quiet
G026.0083+00.1369,UCHII
G026.0166+00.2063,IR-Quiet
G026.0211+00.8689,IR-Quiet
G026.0281+00.2191,IR-Quiet
G026.0315+00.6635,Radio-Galaxy (Central Source)
G026.0527-00.2427,IR-Quiet
G026.0823-00.0347,PN
G026.0907-00.0575,Diffuse HII-Region
G026.0916-00.0565,UCHII
G026.1094-00.0937,UCHII
G026.1302+00.3674,IR-Quiet
G026.1402+01.0643,IR-Quiet
G026.1620+00.5926,PN
G026.1763-00.4387,IR-Quiet
G026.2237-00.7854,IR-Quiet
G026.2268+00.7685,PN
G026.2381-00.0807,Radio-Galaxy (Lobe)
G026.2385-00.0792,Radio-Galaxy (Lobe)
G026.2818+00.2311,IR-Quiet
G026.3168+00.4097,Radio-Galaxy (Lobe)
G026.3524+00.5049,IR-Quiet
G026.3669-00.9015,Radio-Galaxy (Lobe)
G026.3672-00.9052,Radio-Galaxy (Lobe)
G026.3985-00.4985,IR-Quiet
G026.4358+00.0591,IR-Quiet
G026.4364+00.8258,IR-Quiet
G026.4644-00.7806,IR-Quiet
G026.4700+00.0209,Radio-Star
G026.5096-00.8901,IR-Quiet
G026.5357+00.0252,IR-Quiet
G026.5444+00.4169,HII-Region
G026.5538-00.2924,Radio-Galaxy (Central Source)
G026.5662+00.2975,IR-Quiet
G026.5976-00.0236,UCHII
G026.6089-00.2121,UCHII
G026.6306-00.5756,IR-Quiet
G026.6412-00.0386,Radio-Star
G026.6529+00.2874,PN
G026.6557+00.0689,IR-Quiet
G026.6761-00.5471,IR-Quiet
G026.6872-01.0279,IR-Quiet
G026.7035-00.5398,IR-Quiet
G026.7145+00.1319,PN
G026.7179-00.8290,Radio-Galaxy (Lobe)
G026.7186-00.8298,Radio-Galaxy (Lobe)
G026.7627-00.8383,IR-Quiet
G026.7872-00.3585,Radio-Star
G026.7944-00.2759,IR-Quiet
G026.8148+00.5161,IR-Quiet
G026.8304-00.2067,UCHII
G026.8327-00.1516,PN
G026.8377-00.4121,IR-Quiet
G026.9101+01.0588,IR-Quiet
G026.9481-00.4827,IR-Quiet
G026.9698+00.0216,IR-Quiet
G026.9715+00.7909,IR-Quiet
G027.1618+00.8453,IR-Quiet
G027.1726+00.8449,IR-Quiet
G027.1817+00.5415,IR-Quiet
G027.1859-00.0816,UCHII
G027.1946+00.5043,IR-Quiet
G027.2800+00.1447,UCHII
G027.3110+00.8617,IR-Quiet
G027.3326+00.0227,IR-Quiet
G027.3644-00.1657,UCHII
G027.4015-01.0630,IR-Quiet
G027.4265-00.2499,PN
G027.4459-00.1680,IR-Quiet
G027.4760+00.1192,IR-Quiet
G027.4884-00.8951,IR-Quiet
G027.4886+00.3908,IR-Quiet
G027.5637+00.0845,UCHII
G027.6018+00.9365,Radio-Galaxy (Lobe)
G027.6023+00.3953,IR-Quiet
G027.6569-00.7348,IR-Quiet
G027.6595-00.3835,PN
G027.6635-00.8267,PN
G027.6640-00.2485,PN
G027.6843-00.1552,IR-Quiet
G027.7016+00.7048,PN
G027.7176-00.0802,IR-Quiet
G027.7209+00.9200,IR-Quiet
G027.7522+00.7230,IR-Quiet
G027.7610-00.3402,Radio-Star
G027.7981+00.2179,IR-Quiet
G027.7996+00.2183,IR-Quiet
G027.8052-00.7552,IR-Quiet
G027.8129+00.6229,IR-Quiet
G027.8175+01.0602,IR-Quiet
G027.8628-00.7425,IR-Quiet
G027.8821+00.1832,IR-Quiet
G027.9199+00.9774,SNR
G027.9352+00.2056,UCHII
G027.9614-00.7824,Radio-Star
G027.9782+00.0789,HII-Region
G028.0313-00.0726,IR-Quiet
G028.0620+01.0479,IR-Quiet
G028.0969-00.7811,Radio-Star
G028.1001-00.7804,Radio-Star
G028.1082-01.0165,IR-Quiet
G028.1163-00.3677,IR-Quiet
G028.1257+00.7422,IR-Quiet
G028.1596-00.7984,IR-Quiet
G028.1869+00.5825,IR-Quiet
G028.1875+00.5047,IR-Quiet
G028.1985-00.0503,UCHII
G028.2003-00.0494,UCHII
G028.2447+00.0131,HII-Region
G028.2585-00.3707,IR-Quiet
G028.2879-00.3641,UCHII
G028.3660-00.9640,IR-Quiet
G028.3844+00.5974,IR-Quiet
G028.4012+00.4776,Radio-Galaxy (Lobe)
G028.4015+00.4785,Radio-Galaxy (Lobe)
G028.4143+00.0353,IR-Quiet
G028.4518+00.0027,UCHII
G028.4662-01.0513,IR-Quiet
G028.5077+01.1541,IR-Quiet
G028.5104+00.1073,IR-Quiet
G028.5281+00.7893,Radio-Galaxy (Lobe)
G028.5283+00.7901,Radio-Galaxy (Lobe)
G028.5407+00.0049,Radio-Galaxy (Lobe)
G028.5444+00.0066,Radio-Galaxy (Lobe)
G028.5534-00.4508,IR-Quiet
G028.5678-00.7959,Radio-Star
G028.5690+00.0813,IR-Quiet
G028.5816+00.1447,UCHII
G028.5968-01.0510,IR-Quiet
G028.6082+00.0185,UCHII
G028.6204-00.3437,IR-Quiet
G028.6411-00.8619,IR-Quiet
G028.6523+00.0273,UCHII
G028.6720-00.7825,IR-Quiet
G028.6869+00.1770,UCHII
G028.7518+00.5591,IR-Quiet
G028.7677-00.8357,IR-Quiet
G028.8364-01.1142,IR-Quiet
G028.8394-01.0404,IR-Quiet
G028.9064+00.2548,IR-Quiet
G028.9327-00.5549,Radio-Star
G028.9841-00.2948,Radio-Star
G029.0447-00.5989,IR-Quiet
G029.0538+00.9915,PN
G029.0545+00.8678,IR-Quiet
G029.0895+00.5113,IR-Quiet
G029.1075-00.1547,IR-Quiet
G029.1382+00.8332,IR-Quiet
G029.1594-00.7221,IR-Quiet
G029.1652-00.0168,PN
G029.1977-00.1271,IR-Quiet
G029.2113-00.0689,PN
G029.2276+00.5172,IR-Quiet
G029.2365-00.8597,IR-Quiet
G029.2555-00.8653,IR-Quiet
G029.2620+00.2916,IR-Quiet
G029.2648+00.9527,IR-Quiet
G029.3096+00.5124,IR-Quiet
G029.4302-00.9967,IR-Quiet
G029.4404-00.3199,IR-Quiet
G029.4810+01.0454,IR-Quiet
G029.5020+00.4342,IR-Quiet
G029.5066+00.8507,IR-Quiet
G029.5069-01.1293,IR-Quiet
G029.5184+00.9478,IR-Quiet
G029.5532-01.0766,IR-Quiet
G029.5780-00.2686,PN
G029.5893+00.5789,IR-Quiet
G029.6052-00.8591,IR-Quiet
G029.7162-00.3179,Radio-Star
G029.7188-00.0316,Radio-Star
G029.7196-00.8789,IR-Quiet
G029.7704+00.2189,UCHII
G029.7805-00.2661,Dark HII-Region
G029.8075-01.0552,IR-Quiet
G029.8742-00.8190,PN
G029.9347-00.0525,Diffuse HII-Region
G029.9559-00.0168,UCHII
G029.9786+00.0206,Radio-Star
G029.9822-00.7087,Radio-Star
G030.0096-00.2734,UCHII
G030.0221-00.8788,IR-Quiet
G030.0226+00.1570,PN
G030.0294-00.3318,PN
G030.0536+00.4411,IR-Quiet
G030.0825+00.7151,IR-Quiet
G030.1039+00.3983,IR-Quiet
G030.1329+00.9294,IR-Quiet
G030.1376+00.3512,IR-Quiet
G030.1869+00.5325,IR-Quiet
G030.1884+00.1110,IR-Quiet
G030.2010-01.0129,IR-Quiet
G030.2193+00.6501,IR-Quiet
G030.2335-00.1385,PN
G030.2357-00.5719,Radio-Star
G030.2527+00.0540,UCHII
G030.3300+00.0903,IR-Quiet
G030.3825-00.6552,IR-Quiet
G030.4377-00.2063,IR-Quiet
G030.4461-00.2149,Radio-Star
G030.4543+00.3223,IR-Quiet
G030.5302+00.1315,PN
G030.5313+00.0205,UCHII
G030.5353+00.0204,UCHII
G030.5365-00.4435,IR-Quiet
G030.5562-01.0045,Radio-Galaxy (Lobe)
G030.5809+00.9902,IR-Quiet
G030.5887-00.0428,UCHII
G030.5894-00.7516,Radio-Galaxy (Lobe)
G030.5958-00.7508,Radio-Galaxy (Lobe)
G030.5966+00.9112,IR-Quiet
G030.6328-00.7232,IR-Quiet
G030.6564+00.9031,IR-Quiet
G030.6670-00.3319,PN
G030.6725+00.9636,IR-Quiet
G030.6857-00.6308,Radio-Star
G030.6862-00.2610,Diffuse HII-Region
G030.6881-00.0718,UCHII
G030.6994-00.6301,Radio-Star
G030.7197-00.0829,UCHII
G030.7405+01.0080,Radio-Galaxy (Lobe)
G030.7427+01.0079,Radio-Galaxy (Central Source)
G030.7451+01.0079,Radio-Galaxy (Lobe)
G030.7532-00.0511,UCHII
G030.7579+00.2042,UCHII
G030.7661-00.0348,UCHII
G030.7968-00.6798,IR-Quiet
G030.8000-01.0444,IR-Quiet
G030.8560+00.3826,PN
G030.8662+00.1143,UCHII
G030.9254+00.0025,IR-Quiet
G030.9562-00.2311,IR-Quiet
G030.9580-00.4458,IR-Quiet
G030.9581+00.0869,UCHII
G030.9678-00.6358,IR-Quiet
G030.9704-00.7436,IR-Quiet
G030.9715-00.3175,IR-Quiet
G030.9924-00.0251,IR-Quiet
G030.9949-00.2999,Radio-Galaxy (Lobe)
G030.9975-00.2989,Radio-Galaxy (Lobe)
G031.0001-00.2993,Radio-Galaxy (Lobe)
G031.0450-00.0949,IR-Quiet
G031.0495+00.4697,UCHII
G031.0507+00.6241,IR-Quiet
G031.0531-00.1850,Radio-Galaxy (Lobe)
G031.0550-00.1863,Radio-Galaxy (Lobe)
G031.0595+00.0922,UCHII
G031.0709+00.0508,HII-Region
G031.0776+00.1703,IR-Quiet
G031.0819-00.0718,IR-Quiet
G031.0829+00.5378,IR-Quiet
G031.1030-00.0287,IR-Quiet
G031.1494-00.1728,IR-Quiet
G031.1506-00.1894,IR-Quiet
G031.1579+00.5515,Radio-Galaxy (Lobe)
G031.1580+00.5496,Radio-Galaxy (Lobe)
G031.1590+00.0465,UCHII
G031.1596+00.0448,UCHII
G031.1629+00.7147,Radio-Star
G031.2131-00.1803,PN
G031.2420-00.1106,UCHII
G031.2435-00.1103,UCHII
G031.2448-00.1132,UCHII
G031.2760-01.0553,IR-Quiet
G031.2801+00.0632,UCHII
G031.2859-00.2095,IR-Quiet
G031.3088-00.6124,IR-Quiet
G031.3444-00.4625,IR-Quiet
G031.3724-00.7514,PN
G031.3879-00.3841,Radio-Galaxy (Lobe)
G031.3885-00.3825,Radio-Galaxy (Lobe)
G031.3917+01.0265,Radio-Star
G031.3959-00.2570,UCHII
G031.4130+00.3065,UCHII
G031.4235-00.9138,IR-Quiet
G031.4400+00.5090,IR-Quiet
G031.4704-00.5878,IR-Quiet
G031.4704+00.3807,IR-Quiet
G031.5170-01.1198,IR-Quiet
G031.5179-01.1712,IR-Quiet
G031.5318-01.0925,IR-Quiet
G031.5694+00.6870,IR-Quiet
G031.5711+00.6365,IR-Quiet
G031.5815+00.0744,UCHII
G031.5854-00.0635,IR-Quiet
G031.6139-00.0392,IR-Quiet
G031.7382+00.2565,Radio-Galaxy (Lobe)
G031.7391+00.2561,Radio-Galaxy (Lobe)
G031.8974+00.3166,Other
G031.9470+00.4759,IR-Quiet
G031.9477-00.8153,IR-Quiet
G031.9481+00.7715,IR-Quiet
G031.9799+01.0583,IR-Quiet
G032.0297+00.0491,UCHII
G032.0664+00.3616,Radio-Galaxy (Lobe)
G032.1502+00.1329,UCHII
G032.2253-01.0291,Radio-Star
G032.2317+00.5400,IR-Quiet
G032.2408+00.1667,IR-Quiet
G032.2730-00.2258,UCHII
G032.2783-00.1705,IR-Quiet
G032.3042+00.6016,IR-Quiet
G032.3076+00.1536,PN
G032.3624+00.9344,IR-Quiet
G032.3644+00.9326,IR-Quiet
G032.3657+00.9315,IR-Quiet
G032.3825-00.4869,IR-Quiet
G032.3891-00.4030,IR-Quiet
G032.4021-00.2267,IR-Quiet
G032.4535+00.3679,IR-Quiet
G032.4643-00.8749,IR-Quiet
G032.4727+00.2036,UCHII
G032.4823+00.7831,IR-Quiet
G032.4828-00.1239,IR-Quiet
G032.5041-00.7010,IR-Quiet
G032.5075+01.1631,IR-Quiet
G032.5278-00.0434,IR-Quiet
G032.5485-00.4739,PN
G032.5569-00.1246,IR-Quiet
G032.5673+01.1299,IR-Quiet
G032.5910+00.8764,IR-Quiet
G032.5924-00.4166,IR-Quiet
G032.5996+00.8265,IR-Quiet
G032.6136+00.7971,PN
G032.6604-00.2184,Radio-Galaxy (Lobe)
G032.6611-00.2189,Radio-Galaxy (Lobe)
G032.6672+00.2362,IR-Quiet
G032.6865+00.0824,IR-Quiet
G032.7194-00.6476,Radio-Galaxy (Lobe)
G032.7398+00.1940,UCHII
G032.7440+00.7700,Radio-Galaxy (Lobe)
G032.7441-00.0755,Dark HII-Region
G032.7492-00.0643,UCHII
G032.7577+00.7674,Radio-Galaxy (Lobe)
G032.7635+00.0915,IR-Quiet
G032.7685+00.7656,Radio-Galaxy (Lobe)
G032.7825-01.0762,IR-Quiet
G032.7966+00.1909,UCHII
G032.7982+00.1937,UCHII
G032.8082-00.3159,PN
G032.8100-00.2863,IR-Quiet
G032.8177-00.1165,PN
G032.8344-00.5993,IR-Quiet
G032.8350-00.7296,Radio-Galaxy (Lobe)
G032.8381-00.0348,IR-Quiet
G032.8776+00.4038,IR-Quiet
G032.8835+00.9385,IR-Quiet
G032.9198-00.0619,IR-Quiet
G032.9273+00.6060,UCHII
G032.9686-00.4681,IR-Quiet
G032.9748+00.2372,IR-Quiet
G032.9906+00.0385,HII-Region
G033.0628-00.3617,IR-Quiet
G033.0859+00.4335,IR-Quiet
G033.1198-00.8949,PN
G033.1281+00.3637,IR-Quiet
G033.1328-00.0923,UCHII
G033.1419-00.0853,HII-Region
G033.1435-00.0693,Radio-Galaxy (Central Source)
G033.1442-00.0663,Radio-Galaxy (Lobe)
G033.1473+01.0434,Radio-Star
G033.2526-00.1539,IR-Quiet
G033.3513+00.4056,IR-Quiet
G033.3526+00.4043,PN
G033.4163-00.0036,UCHII
G033.4481+00.3182,Radio-Star
G033.4543-00.6149,PN
G033.4894-00.3585,IR-Quiet
G033.4967+00.1944,IR-Quiet
G033.4979+00.1942,IR-Quiet
G033.4988+00.1942,IR-Quiet
G033.4995+00.1947,IR-Quiet
G033.5007-01.0333,IR-Quiet
G033.5372+00.6191,IR-Quiet
G033.5947+00.1847,IR-Quiet
G033.6329-00.9615,IR-Quiet
G033.7254-00.8890,IR-Quiet
G033.7418+00.3525,IR-Quiet
G033.7719-01.0005,IR-Quiet
G033.7952+00.4307,PN
G033.8100-00.1864,UCHII
G033.8113-00.1893,HII-Region
G033.8949+00.5220,IR-Quiet
G033.9059-00.0436,PN
G033.9073-00.5936,IR-Quiet
G033.9145+00.1105,UCHII
G033.9155+00.2639,Other
G033.9622-00.4966,IR-Quiet
G034.0218-00.9255,IR-Quiet
G034.0564-00.0561,IR-Quiet
G034.0901+00.4365,UCHII
G034.1324+00.4700,HII-Region
G034.1382+00.3805,IR-Quiet
G034.1402-00.7156,IR-Quiet
G034.1744-00.2933,IR-Quiet
G034.1777-00.7115,IR-Quiet
G034.1782+00.2564,IR-Quiet
G034.1792-00.1777,PN
G034.1978-00.5912,UCHII
G034.2171-00.6886,IR-Quiet
G034.2541+00.3982,IR-Quiet
G034.2544+00.1460,UCHII
G034.2571+00.1466,UCHII
G034.2572+00.1535,UCHII
G034.2573+00.1523,UCHII
G034.2581+00.1533,UCHII
G034.2655+00.7195,IR-Quiet
G034.2680-00.3946,IR-Quiet
G034.2798+00.5361,IR-Quiet
G034.2813-00.9703,IR-Quiet
G034.2830+00.0087,IR-Quiet
G034.3110+00.8427,IR-Quiet
G034.3263-00.5420,IR-Quiet
G034.3555-00.0876,IR-Quiet
G034.3613+00.6603,IR-Quiet
G034.3852+00.3526,IR-Quiet
G034.3896-00.4163,IR-Quiet
G034.4032+00.2277,UCHII
G034.4200-00.3183,PN
G034.4216-01.0310,IR-Quiet
G034.4267-00.0197,IR-Quiet
G034.4286-00.0221,IR-Quiet
G034.4574+01.1256,IR-Quiet
G034.5473+00.3911,IR-Quiet
G034.5920+00.2434,UCHII
G034.6120+00.4718,IR-Quiet
G034.6694-00.0045,IR-Quiet
G034.7671-00.1098,IR-Quiet
G034.7756+00.1562,IR-Quiet
G034.7838+00.3346,IR-Quiet
G034.8408+00.7621,IR-Quiet
G034.8624-00.0630,PN
G034.8894+00.5042,IR-Quiet
G034.8975-00.8458,IR-Quiet
G034.9279-00.3867,IR-Quiet
G034.9453+01.0699,IR-Quiet
G034.9623-00.1504,IR-Quiet
G034.9694-00.8371,IR-Quiet
G035.0102+00.3984,IR-Quiet
G035.0242+00.3502,UCHII
G035.0524-00.5177,UCHII
G035.0605+00.6208,IR-Quiet
G035.0823-00.3264,IR-Quiet
G035.1378-00.7622,HII-Region
G035.1409+00.9121,Radio-Galaxy (Central Source)
G035.1660+00.0719,IR-Quiet
G035.2084+00.1739,IR-Quiet
G035.2136+00.3628,IR-Quiet
G035.2162+00.4280,PN
G035.2235-01.1432,IR-Quiet
G035.2618+00.1079,IR-Quiet
G035.3015-00.7856,IR-Quiet
G035.3080+00.1448,IR-Quiet
G035.3106+00.1496,IR-Quiet
G035.3180-00.8231,IR-Quiet
G035.3304+00.6133,IR-Quiet
G035.3317+00.6165,IR-Quiet
G035.3507+00.2385,IR-Quiet
G035.3909+00.0180,IR-Quiet
G035.4282+00.8309,IR-Quiet
G035.4302+00.8322,IR-Quiet
G035.4570-00.1791,UCHII
G035.4669+00.1394,UCHII
G035.4719-00.4365,PN
G035.4820+00.0891,IR-Quiet
G035.4843+00.4239,IR-Quiet
G035.5426+00.2393,IR-Quiet
G035.5485+00.7199,IR-Quiet
G035.5654-00.4922,PN
G035.5734+00.0679,HII-Region
G035.5781-00.0305,UCHII
G035.5833-00.4478,IR-Quiet
G035.6023-00.3673,IR-Quiet
G035.6234+00.7413,IR-Quiet
G035.6624-00.8481,IR-Quiet
G035.6879+00.3462,Radio-Galaxy (Lobe)
G035.6907+00.3409,Radio-Galaxy (Lobe)
G035.7069-00.4857,IR-Quiet
G035.7340+01.0506,IR-Quiet
G035.7342-00.4655,IR-Quiet
G035.8491+00.3278,IR-Quiet
G035.8978+01.0671,IR-Quiet
G035.9037-00.4810,IR-Quiet
G035.9464+00.3787,Radio-Star
G035.9876+00.2048,IR-Quiet
G036.0040+00.9194,IR-Quiet
G036.0045-00.0325,IR-Quiet
G036.0060-00.0612,IR-Quiet
G036.0116-00.2562,PN
G036.0122-00.2583,IR-Quiet
G036.0554+00.3559,Radio-Galaxy (Lobe)
G036.0582+00.3593,Radio-Galaxy (Lobe)
G036.0591+01.0444,IR-Quiet
G036.0592+00.3612,Radio-Galaxy (Lobe)
G036.0600+00.9938,Radio-Galaxy (Lobe)
G036.0605+00.9948,Radio-Galaxy (Lobe)
G036.0890+01.0965,IR-Quiet
G036.0897+00.9902,Radio-Galaxy (Lobe)
G036.0897+00.9881,Radio-Galaxy (Central Source)
G036.0903+00.9850,Radio-Galaxy (Lobe)
G036.1233+00.8095,Radio-Star
G036.1319-00.5468,IR-Quiet
G036.1445-00.4505,IR-Quiet
G036.1621-00.4397,IR-Quiet
G036.1625+00.1758,Radio-Galaxy (Lobe)
G036.2036-00.3418,IR-Quiet
G036.2970-00.5548,IR-Quiet
G036.3068-00.6648,IR-Quiet
G036.3442+00.7731,IR-Quiet
G036.4057+00.0226,UCHII
G036.4062+00.0221,UCHII
G036.4191-00.5276,IR-Quiet
G036.4692-00.2604,Radio-Star
G036.4732+00.2343,IR-Quiet
G036.5146-00.8339,IR-Quiet
G036.5162-00.9696,IR-Quiet
G036.5191+00.9634,IR-Quiet
G036.5393+00.2003,PN
G036.5509+00.0018,Galaxy
G036.6446+00.1509,IR-Quiet
G036.6518+00.9973,IR-Quiet
G036.6579-00.0417,Radio-Galaxy (Lobe)
G036.6589-00.0408,Radio-Galaxy (Lobe)
G036.6704+01.1098,IR-Quiet
G036.6816-00.7292,IR-Quiet
G036.6975-00.6303,IR-Quiet
G036.7034+00.5831,IR-Quiet
G036.7067+00.1550,IR-Quiet
G036.7454+00.3202,IR-Quiet
G036.7774-00.3224,IR-Quiet
G036.8146+00.1080,IR-Quiet
G036.8149+00.6696,IR-Quiet
G036.8192-00.4217,IR-Quiet
G036.8984+00.0924,IR-Quiet
G036.9390-00.5469,IR-Quiet
G036.9968+00.3881,IR-Quiet
G037.0193-00.2896,IR-Quiet
G037.0484-00.0118,IR-Quiet
G037.0496-00.0412,IR-Quiet
G037.0531-00.1323,IR-Quiet
G037.0804+00.4249,IR-Quiet
G037.1186+00.5461,IR-Quiet
G037.1375-00.4998,IR-Quiet
G037.1398-01.0988,Radio-Star
G037.1782+00.6883,Radio-Star
G037.2020+00.2743,IR-Quiet
G037.2049-00.7013,IR-Quiet
G037.2079-00.8917,IR-Quiet
G037.2384-00.1189,IR-Quiet
G037.2544-01.0824,Radio-Galaxy (Lobe)
G037.2566-01.0862,Radio-Galaxy (Lobe)
G037.2604+00.8499,IR-Quiet
G037.2781-00.2259,Radio-Star
G037.2933+00.9561,IR-Quiet
G037.3010-00.7520,IR-Quiet
G037.3062+00.3170,Radio-Galaxy (Central Source)
G037.3240+00.2255,Radio-Star
G037.3274+00.1026,IR-Quiet
G037.3341+00.7406,IR-Quiet
G037.3357-00.7118,Radio-Galaxy (Lobe)
G037.3362-00.7113,Radio-Galaxy (Lobe)
G037.3379-00.1943,IR-Quiet
G037.3384+00.7012,IR-Quiet
G037.3639+00.6815,Radio-Star
G037.3707-00.9590,Radio-Galaxy (Lobe)
G037.3713-00.9572,Radio-Galaxy (Lobe)
G037.3865+00.3109,IR-Quiet
G037.3927+01.0434,IR-Quiet
G037.4165+00.4482,IR-Quiet
G037.4611+00.8646,IR-Quiet
G037.5457-00.1120,UCHII
G037.5571-00.1724,Radio-Star
G037.6436-01.1068,Radio-Galaxy (Lobe)
G037.6444+00.0971,IR-Quiet
G037.6463-01.1079,Radio-Galaxy (Lobe)
G037.6697-01.0050,IR-Quiet
G037.6703-01.0972,Radio-Galaxy (Lobe)
G037.6707-01.0951,Radio-Galaxy (Lobe)
G037.6982+00.6123,IR-Quiet
G037.7347-00.1128,UCHII
G037.7562+00.5605,UCHII
G037.7596-00.1002,IR-Quiet
G037.7633-00.2167,HII-Region
G037.8016+00.7321,Radio-Galaxy (Central Source)
G037.8132-00.9042,IR-Quiet
G037.8197+00.4140,UCHII
G037.8209+00.4125,UCHII
G037.8294+00.7571,Radio-Star
G037.8302+00.7570,IR-Quiet
G037.8671+00.2936,Radio-Star
G037.8683-00.6008,UCHII
G037.8731-00.3996,UCHII
G037.8843-01.1146,IR-Quiet
G037.9031-00.2754,PN
G037.9587+01.0541,IR-Quiet
G037.9601+00.4534,PN
G037.9723-00.0965,UCHII
G038.0376-01.1174,IR-Quiet
G038.0407+00.4494,IR-Quiet
G038.0497-00.1310,IR-Quiet
G038.0505+00.0376,IR-Quiet
G038.0636-01.1217,IR-Quiet
G038.0751+00.8514,IR-Quiet
G038.0807+00.8019,Radio-Galaxy (Lobe)
G038.0814+00.8008,Radio-Galaxy (Lobe)
G038.1234+01.0267,IR-Quiet
G038.2592+00.2782,IR-Quiet
G038.2866-00.4862,IR-Quiet
G038.2885-01.0695,IR-Quiet
G038.3166-00.4645,IR-Quiet
G038.3246-00.5874,IR-Quiet
G038.5461+00.6986,IR-Quiet
G038.5493+00.1646,UCHII
G038.5500-00.7381,IR-Quiet
G038.5927+00.2271,IR-Quiet
G038.6103-01.0427,IR-Quiet
G038.6110-00.7832,IR-Quiet
G038.6123-00.1818,IR-Quiet
G038.6269-00.6892,IR-Quiet
G038.6431+00.1583,IR-Quiet
G038.6465-00.2260,UCHII
G038.6529+00.0875,UCHII
G038.6934-00.4524,UCHII
G038.6997+00.5722,Radio-Galaxy (Lobe)
G038.7002-00.1050,IR-Quiet
G038.7007+00.5724,Radio-Galaxy (Lobe)
G038.8477+00.5606,IR-Quiet
G038.8756+00.3080,UCHII
G038.8938-00.8204,IR-Quiet
G038.9237-00.0807,PN
G038.9273-00.7191,IR-Quiet
G038.9437+00.7797,IR-Quiet
G039.1011+01.0554,IR-Quiet
G039.1105-00.0161,IR-Quiet
G039.1472+00.1328,IR-Quiet
G039.1569+00.6432,Radio-Star
G039.1572-01.0525,IR-Quiet
G039.1573+00.6441,Radio-Star
G039.1617+00.7826,PN
G039.1956+00.2255,UCHII
G039.2406-00.7688,Radio-Galaxy (Lobe)
G039.2414-00.7682,Radio-Galaxy (Lobe)
G039.2450-00.0673,HII-Region
G039.2796-00.6370,IR-Quiet
G039.2971+00.5550,IR-Quiet
G039.3051-00.7009,Radio-Galaxy (Central Source)
G039.3253-00.5759,IR-Quiet
G039.3829+00.6918,IR-Quiet
G039.3839-00.9147,IR-Quiet
G039.4083-00.5989,Radio-Galaxy (Lobe)
G039.4106-00.5963,Radio-Galaxy (Central Source)
G039.4149-00.5945,Radio-Galaxy (Lobe)
G039.4191-00.7606,IR-Quiet
G039.4424-01.0878,Radio-Galaxy (Lobe)
G039.4425-01.0871,Radio-Galaxy (Lobe)
G039.4809-00.5662,IR-Quiet
G039.4885-00.1919,IR-Quiet
G039.5650-00.0399,IR-Quiet
G039.5683+00.9331,IR-Quiet
G039.5911-00.3785,PN
G039.6053-00.3744,IR-Quiet
G039.6882-00.8080,IR-Quiet
G039.7277-00.3973,HII-Region
G039.7549-00.2528,IR-Quiet
G039.8324+00.1758,Radio-Galaxy (Lobe)
G039.8408-00.7328,IR-Quiet
G039.8772-00.5530,Radio-Star
G039.8824-00.3460,UCHII
G039.8867-00.8337,Radio-Star
G039.8874-00.8341,Radio-Star
G039.9066-00.9716,Radio-Star
G039.9350-00.8778,Radio-Galaxy (Lobe)
G039.9354-00.8764,Radio-Galaxy (Lobe)
G039.9509+00.1215,IR-Quiet
G040.0070+01.0255,IR-Quiet
G040.0109-00.7133,IR-Quiet
G040.0458+00.2339,IR-Quiet
G040.1775-00.7987,Radio-Galaxy (Lobe)
G040.1805-00.7983,Radio-Galaxy (Lobe)
G040.1991-00.1971,IR-Quiet
G040.2069+00.3057,IR-Quiet
G040.2606-00.2755,PN
G040.2950+01.0929,IR-Quiet
G040.3119-00.0926,IR-Quiet
G040.3359-01.0102,PN
G040.3873-00.9377,IR-Quiet
G040.4251+00.7002,UCHII
G040.4521+00.8959,IR-Quiet
G040.4633+00.9671,IR-Quiet
G040.4935+01.0492,IR-Quiet
G040.5013+00.6211,IR-Quiet
G040.5285+00.6587,IR-Quiet
G040.5588-00.9168,IR-Quiet
G040.5686+00.4690,IR-Quiet
G040.6282+00.0529,IR-Quiet
G040.6955+00.2661,IR-Quiet
G040.7326+00.1918,IR-Quiet
G040.7730-00.6095,IR-Quiet
G040.7843-00.7472,IR-Quiet
G040.8281+01.0454,IR-Quiet
G040.8974+00.6934,Radio-Galaxy (Lobe)
G040.9002-00.7048,IR-Quiet
G040.9014+00.6954,Radio-Galaxy (Lobe)
G041.0162+00.4467,IR-Quiet
G041.1125+00.0360,IR-Quiet
G041.1443-00.4505,IR-Quiet
G041.1809+01.1043,IR-Quiet
G041.1835+00.0476,IR-Quiet
G041.1982+00.0348,PN
G041.2797-00.6692,IR-Quiet
G041.3304+01.1247,IR-Quiet
G041.3540+00.5390,PN
G041.3645-00.0065,Radio-Star
G041.4896+01.1096,IR-Quiet
G041.5145-00.2177,IR-Quiet
G041.6126+00.3431,IR-Quiet
G041.6155+00.1324,IR-Quiet
G041.6299-01.0771,IR-Quiet
G041.6604+00.4411,IR-Quiet
G041.7149-00.5109,IR-Quiet
G041.7419+00.0973,UCHII
G041.7649+00.5246,IR-Quiet
G041.7871+00.4884,PN
G041.8390+00.8802,Radio-Galaxy (Lobe)
G041.8395+00.8810,Radio-Galaxy (Lobe)
G041.8726-00.2017,IR-Quiet
G041.9122+00.0867,IR-Quiet
G041.9398-00.2781,IR-Quiet
G041.9485-00.3378,IR-Quiet
G041.9724+00.8971,IR-Quiet
G042.0253-00.6020,IR-Quiet
G042.0280-00.6052,IR-Quiet
G042.0280+00.9268,IR-Quiet
G042.0493+00.8529,Radio-Galaxy (Lobe)
G042.0499+00.8531,Radio-Galaxy (Lobe)
G042.0785+00.5083,Radio-Star
G042.0930-00.4302,IR-Quiet
G042.1090-00.4469,UCHII
G042.1102-00.8287,IR-Quiet
G042.1398+00.2114,IR-Quiet
G042.2092+01.0812,IR-Quiet
G042.2269-00.0236,Radio-Galaxy (Lobe)
G042.2319-00.0227,Radio-Galaxy (Lobe)
G042.2601+00.0967,IR-Quiet
G042.2827+00.1935,IR-Quiet
G042.2896+00.2011,IR-Quiet
G042.3145+00.6680,Radio-Star
G042.3314-00.4009,IR-Quiet
G042.3420+00.2266,IR-Quiet
G042.3462+00.5166,IR-Quiet
G042.3611+00.7020,Radio-Galaxy (Lobe)
G042.3616+00.7015,Radio-Galaxy (Lobe)
G042.3650+00.0797,Radio-Galaxy (Lobe)
G042.4332-00.2589,Diffuse HII-Region
G042.4345-00.2605,UCHII
G042.4585+00.2160,IR-Quiet
G042.4728+00.7421,Radio-Star
G042.5776-00.4196,IR-Quiet
G042.6034+00.6557,IR-Quiet
G042.6464-00.5856,IR-Quiet
G042.6525+00.9453,Radio-Galaxy (Lobe)
G042.6541+00.9450,Radio-Galaxy (Lobe)
G042.6548+00.9458,Radio-Galaxy (Lobe)
G042.6629-00.8648,PN
G042.6648+00.4265,IR-Quiet
G042.7686+00.9165,IR-Quiet
G042.7769+00.4978,IR-Quiet
G042.7887+00.8345,IR-Quiet
G042.8918+00.5701,Radio-Galaxy (Lobe)
G042.8938+00.5716,Radio-Galaxy (Central Source)
G042.8959+00.5736,Radio-Galaxy (Lobe)
G042.9001-00.0966,IR-Quiet
G042.9245+00.6655,IR-Quiet
G042.9599-00.4684,IR-Quiet
G042.9737+01.0042,IR-Quiet
G043.0018-00.2972,Radio-Galaxy (Lobe)
G043.0034-00.2982,Radio-Galaxy (Lobe)
G043.0212+00.7071,IR-Quiet
G043.0281+00.1399,PN
G043.0300-00.0768,IR-Quiet
G043.0625-00.9138,IR-Quiet
G043.0899+00.0587,IR-Quiet
G043.1319-01.0144,IR-Quiet
G043.1460+00.0139,UCHII
G043.1470+00.1625,IR-Quiet
G043.1489+00.0130,UCHII
G043.1520+00.0115,UCHII
G043.1598-00.2460,IR-Quiet
G043.1625+00.0048,HII-Region
G043.1651-00.0283,UCHII
G043.1652+00.0129,UCHII
G043.1657+00.0116,UCHII
G043.1665+00.0106,UCHII
G043.1674+00.0128,UCHII
G043.1677+00.0196,UCHII
G043.1679-00.1352,IR-Quiet
G043.1684+00.0087,UCHII
G043.1684+00.0124,UCHII
G043.1699+00.0115,UCHII
G043.1701+00.0078,UCHII
G043.1706-00.0003,UCHII
G043.1716+00.0001,UCHII
G043.1720+00.0080,UCHII
G043.1763+00.0248,UCHII
G043.1778-00.5181,UCHII
G043.1845-00.5268,HII-Region
G043.1860+00.2592,IR-Quiet
G043.1971+00.2166,Radio-Star
G043.1984+00.7911,IR-Quiet
G043.2271-00.9777,IR-Quiet
G043.2371-00.0453,UCHII
G043.2510-00.9952,IR-Quiet
G043.2946-00.6455,PN
G043.3008+00.8243,IR-Quiet
G043.3064-00.2114,UCHII
G043.3262-00.2489,IR-Quiet
G043.3527-00.5481,Radio-Galaxy (Lobe)
G043.3531-00.5473,Radio-Galaxy (Lobe)
G043.3569-00.6877,IR-Quiet
G043.3674+00.0878,IR-Quiet
G043.3978-00.6170,IR-Quiet
G043.4071-00.0203,IR-Quiet
G043.4184-01.0623,IR-Quiet
G043.4240-01.0476,IR-Quiet
G043.4380-00.6335,IR-Quiet
G043.4427+00.0721,IR-Quiet
G043.4565+01.1036,IR-Quiet
G043.4571+00.2738,IR-Quiet
G043.4675+01.1160,IR-Quiet
G043.4734+00.4619,IR-Quiet
G043.4816-00.8530,IR-Quiet
G043.4992-00.9544,IR-Quiet
G043.5793+00.0261,PN
G043.6533+00.4166,IR-Quiet
G043.6554-00.8279,PN
G043.7374-00.6195,Radio-Galaxy (Lobe)
G043.7379-00.6211,Radio-Galaxy (Central Source)
G043.7385-00.6234,Radio-Galaxy (Lobe)
G043.7878-00.3508,IR-Quiet
G043.7954-00.1274,UCHII
G043.7960-00.1286,UCHII
G043.8056-00.7210,IR-Quiet
G043.8180-00.4925,Radio-Galaxy (Lobe)
G043.8424-00.0308,IR-Quiet
G043.8474-00.8139,IR-Quiet
G043.8623+00.0131,IR-Quiet
G043.8738-00.5368,IR-Quiet
G043.8889+00.5714,IR-Quiet
G043.8894-00.7840,UCHII
G043.9163-00.7867,IR-Quiet
G043.9186-00.4804,Radio-Galaxy (Lobe)
G043.9212-00.4790,Galaxy
G043.9249-00.4032,IR-Quiet
G043.9265+01.0626,IR-Quiet
G043.9675+00.9939,UCHII
G043.9688+00.8734,IR-Quiet
G043.9786+00.8610,Radio-Star
G043.9933+01.0353,IR-Quiet
G044.0058+00.9591,IR-Quiet
G044.0799+00.9023,IR-Quiet
G044.1199-00.3162,IR-Quiet
G044.2528+01.0256,IR-Quiet
G044.2611+00.1041,IR-Quiet
G044.2644+00.9854,IR-Quiet
G044.3016+00.6399,IR-Quiet
G044.3103+00.0410,UCHII
G044.3235-00.7296,IR-Quiet
G044.3524+00.7422,IR-Quiet
G044.3612-00.6215,IR-Quiet
G044.3901+00.6632,Radio-Galaxy (Lobe)
G044.3909+00.6625,Radio-Galaxy (Lobe)
G044.4224+01.0284,IR-Quiet
G044.4228+00.5377,UCHII
G044.4923+01.0449,Radio-Galaxy (Lobe)
G044.4926+01.0442,Radio-Galaxy (Lobe)
G044.4943+01.0761,IR-Quiet
G044.5363-00.8525,IR-Quiet
G044.5577+00.7006,IR-Quiet
G044.6375+00.4827,PN
G044.6407-00.7931,Radio-Galaxy (Lobe)
G044.6493-00.7952,Radio-Galaxy (Lobe)
G044.6600-00.1477,Radio-Star
G044.6673+00.5649,IR-Quiet
G044.9646+00.2841,IR-Quiet
G044.9666-00.5434,IR-Quiet
G044.9948-00.4454,IR-Quiet
G045.0694+00.1323,UCHII
G045.0712+00.1321,UCHII
G045.1005+00.1211,IR-Quiet
G045.1223+00.1321,UCHII
G045.1242+00.1356,UCHII
G045.1801+00.9893,PN
G045.1836-00.9704,IR-Quiet
G045.2343-01.1294,IR-Quiet
G045.2607+00.3258,IR-Quiet
G045.2830-00.6278,PN
G045.3087+00.4137,IR-Quiet
G045.3322-00.1128,IR-Quiet
G045.3657-00.2193,Radio-Star
G045.3752+00.7663,IR-Quiet
G045.4545+00.0591,UCHII
G045.4559+00.0613,UCHII
G045.4656+00.0452,UCHII
G045.4790+00.1294,HII-Region
G045.4871-00.1492,IR-Quiet
G045.5193-00.8697,IR-Quiet
G045.5376-00.7765,IR-Quiet
G045.5431-00.0073,UCHII
G045.5474+01.0101,IR-Quiet
G045.7503+00.1985,Radio-Galaxy (Lobe)
G045.7510+00.1984,Radio-Galaxy (Lobe)
G045.8176+00.3533,IR-Quiet
G045.8451+00.2327,IR-Quiet
G045.8733-00.6131,Radio-Galaxy (Lobe)
G045.8739-00.6134,Radio-Galaxy (Lobe)
G045.9847-00.5807,IR-Quiet
G046.0161+00.6627,IR-Quiet
G046.0194+00.9837,IR-Quiet
G046.0344-00.0002,IR-Quiet
G046.0405+01.0158,IR-Quiet
G046.0603+00.7280,IR-Quiet
G046.0717+00.0697,IR-Quiet
G046.0854-00.8325,IR-Quiet
G046.0895-00.2482,IR-Quiet
G046.1188-00.8989,IR-Quiet
G046.1697+00.2912,IR-Quiet
G046.1928-00.1790,IR-Quiet
G046.2584-01.0663,Radio-Star
G046.2592-00.8514,IR-Quiet
G046.2899+00.9527,IR-Quiet
G046.2959-00.2899,Radio-Star
G046.3076-00.3809,IR-Quiet
G046.3281-01.0323,IR-Quiet
G046.3858+00.8471,IR-Quiet
G046.4213-01.0641,Radio-Galaxy (Lobe)
G046.4229-01.0613,Radio-Galaxy (Lobe)
G046.4444+00.2982,IR-Quiet
G046.4465-00.6869,Radio-Galaxy (Lobe)
G046.5640-01.1254,IR-Quiet
G046.5727+01.0903,IR-Quiet
G046.6354+00.5899,IR-Quiet
G046.6673+00.3625,IR-Quiet
G046.6786+00.1370,IR-Quiet
G046.7105+00.4471,IR-Quiet
G046.8192+00.5607,IR-Quiet
G046.9410-00.4043,IR-Quiet
G046.9452-00.9307,IR-Quiet
G046.9747+00.2702,PN
G046.9904+01.0341,IR-Quiet
G047.0251-00.4864,IR-Quiet
G047.0883-01.0710,IR-Quiet
G047.1193+00.6253,IR-Quiet
G047.2166+00.4511,IR-Quiet
G047.2232-00.9768,IR-Quiet
G047.2580-00.7174,Radio-Star
G047.2591+00.3511,IR-Quiet
G047.2629-00.1962,IR-Quiet
G047.2752+00.9181,IR-Quiet
G047.3112-00.4713,IR-Quiet
G047.3123-00.4550,IR-Quiet
G047.3198+00.1081,IR-Quiet
G047.3360+01.0083,IR-Quiet
G047.3423-00.9310,IR-Quiet
G047.3427-00.7377,IR-Quiet
G047.3550+00.6729,Radio-Galaxy (Lobe)
G047.3563+00.6732,Radio-Galaxy (Lobe)
G047.4130-00.5195,IR-Quiet
G047.4242+00.7676,IR-Quiet
G047.4488+00.2338,IR-Quiet
G047.4578+00.9897,Radio-Galaxy (Lobe)
G047.4665-00.2859,Radio-Galaxy (Lobe)
G047.4709+00.9977,Radio-Galaxy (Lobe)
G047.4851-00.1131,IR-Quiet
G047.5104+00.1156,IR-Quiet
G047.5405+00.4068,IR-Quiet
G047.6278+00.9883,IR-Quiet
G047.6358-00.5803,IR-Quiet
G047.6860-00.6047,IR-Quiet
G047.6883-00.1727,Radio-Galaxy (Lobe)
G047.6884-00.3024,PN
G047.7094-00.0944,Radio-Galaxy (Lobe)
G047.7171-00.1040,Radio-Galaxy (Central Source)
G047.7231-00.1115,Radio-Galaxy (Lobe)
G047.7524-01.1263,IR-Quiet
G047.7780+00.1449,Radio-Star
G047.8894-00.3809,IR-Quiet
G047.9511-00.7525,Radio-Galaxy (Lobe)
G047.9519-00.7515,Radio-Galaxy (Lobe)
G047.9729-00.8876,Radio-Star
G047.9835+01.0508,IR-Quiet
G047.9875+00.2026,PN
G047.9953-01.0084,IR-Quiet
G048.0061-00.5961,IR-Quiet
G048.1015-00.0822,IR-Quiet
G048.1341-00.9278,IR-Quiet
G048.2256+00.2716,IR-Quiet
G048.2373-00.0295,IR-Quiet
G048.2396-00.9675,Radio-Galaxy (Lobe)
G048.2413-00.9680,Radio-Galaxy (Lobe)
G048.2545+01.0094,IR-Quiet
G048.2632+00.0172,IR-Quiet
G048.3371+00.1576,Radio-Star
G048.3532-00.7184,Radio-Galaxy (Central Source)
G048.3841+00.7889,IR-Quiet
G048.3996+00.1299,IR-Quiet
G048.4073-00.6822,Radio-Galaxy (Lobe)
G048.4490+00.0460,IR-Quiet
G048.4709+00.6499,IR-Quiet
G048.4733+00.6203,IR-Quiet
G048.4857-00.6151,IR-Quiet
G048.4876-00.3403,IR-Quiet
G048.4923-00.0641,Other
G048.5422+00.5172,IR-Quiet
G048.5437+00.8860,IR-Quiet
G048.5444-00.0024,IR-Quiet
G048.5611-00.3639,IR-Quiet
G048.5619+00.9029,PN
G048.5638-00.3747,IR-Quiet
G048.5863+00.9140,IR-Quiet
G048.5980-00.5371,Radio-Star
G048.6057+00.0228,Dark HII-Region
G048.6099+00.0270,UCHII
G048.6440+00.2249,IR-Quiet
G048.6506-00.8475,IR-Quiet
G048.6748-00.5350,PN
G048.7279-01.0463,IR-Quiet
G048.7319+00.9305,PN
G048.7337+00.0456,IR-Quiet
G048.7478+00.8645,IR-Quiet
G048.7591-00.8724,Radio-Star
G048.7721-00.8485,IR-Quiet
G048.8229+00.5618,Radio-Star
G048.8284+00.2244,IR-Quiet
G048.8342-00.5477,IR-Quiet
G048.8900-00.7569,IR-Quiet
G048.9046-00.8650,IR-Quiet
G048.9265+00.4764,Radio-Star
G048.9296-00.2793,UCHII
G048.9330-00.9883,Radio-Galaxy (Lobe)
G048.9332-00.9892,Radio-Galaxy (Lobe)
G048.9538-00.7933,IR-Quiet
G048.9886+01.0333,IR-Quiet
G048.9901+00.9265,Radio-Galaxy (Lobe)
G048.9901-00.2988,UCHII
G049.0164-00.7305,IR-Quiet
G049.0560+00.4198,Radio-Galaxy (Lobe)
G049.0568+00.4186,Radio-Galaxy (Lobe)
G049.0593+00.9693,IR-Quiet
G049.0667-00.4089,Radio-Star
G049.0673-00.4094,Radio-Star
G049.0984-00.2710,IR-Quiet
G049.1196-00.2318,IR-Quiet
G049.1976+00.7938,Radio-Star
G049.2093-00.9627,Radio-Galaxy (Lobe)
G049.2095-00.9712,Radio-Galaxy (Lobe)
G049.2679-00.3374,UCHII
G049.2897-00.4114,IR-Quiet
G049.3666-00.3010,UCHII
G049.3676+00.4882,Radio-Galaxy (Lobe)
G049.3679+00.4879,Radio-Galaxy (Lobe)
G049.3704-00.3012,Dark HII-Region
G049.3848+00.1846,IR-Quiet
G049.4290-00.0313,IR-Quiet
G049.4409-00.4359,IR-Quiet
G049.4451+00.0874,IR-Quiet
G049.4640-00.3511,UCHII
G049.4867-00.3800,HII-Region
G049.4891-00.3763,UCHII
G049.4905-00.3688,UCHII
G049.5247+00.1721,IR-Quiet
G049.5252+00.1728,IR-Quiet
G049.5633+00.7484,IR-Quiet
G049.6617-00.0543,IR-Quiet
G049.6824-00.0746,IR-Quiet
G049.6928+00.3520,IR-Quiet
G049.6948+00.8642,PN
G049.7289-00.3647,IR-Quiet
G049.7648-00.3184,IR-Quiet
G049.7857+01.0887,IR-Quiet
G049.8558+00.2557,IR-Quiet
G049.8581+00.1327,IR-Quiet
G049.9581-00.4900,IR-Quiet
G049.9862+01.0049,Radio-Galaxy (Lobe)
G050.0003+00.5072,PN
G050.0208+00.5874,IR-Quiet
G050.0325+00.1965,IR-Quiet
G050.0405+01.0961,PN
G050.0413+00.7178,IR-Quiet
G050.0457+00.7683,PN
G050.0522+00.7046,Radio-Galaxy (Lobe)
G050.0537-01.1007,Radio-Star
G050.0679-00.6540,Radio-Galaxy (Lobe)
G050.0937+00.3445,IR-Quiet
G050.1025+00.7670,IR-Quiet
G050.1052+00.1298,IR-Quiet
G050.1186+00.3814,IR-Quiet
G050.1282+01.0945,IR-Quiet
G050.1299+00.6598,IR-Quiet
G050.1704-00.5746,Radio-Star
G050.2114-00.8858,Radio-Star
G050.2298+00.3139,Radio-Galaxy (Lobe)
G050.2325+00.3342,Radio-Galaxy (Lobe)
G050.2337+00.3271,Radio-Galaxy (Central Source)
G050.2339+00.3279,Radio-Galaxy (Lobe)
G050.2491-00.4767,IR-Quiet
G050.2834-00.3904,HII-Region
G050.3072-00.4175,Radio-Galaxy (Lobe)
G050.3123+00.3181,IR-Quiet
G050.3127-00.4184,Radio-Galaxy (Central Source)
G050.3152+00.6762,UCHII
G050.3157+00.6747,UCHII
G050.3173-00.4170,Radio-Galaxy (Lobe)
G050.3420+00.6779,IR-Quiet
G050.3646-00.1932,IR-Quiet
G050.4521+00.0691,IR-Quiet
G050.4524+00.8334,IR-Quiet
G050.4802+00.7056,PN
G050.4884+00.2159,IR-Quiet
G050.5399+00.9288,IR-Quiet
G050.5556+00.0448,PN
G050.5578+01.0277,IR-Quiet
G050.5737+00.6162,IR-Quiet
G050.5833-00.1473,IR-Quiet
G050.5973+00.0701,IR-Quiet
G050.6256-00.0309,Radio-Star
G050.6331+00.5674,IR-Quiet
G050.6468-00.8586,IR-Quiet
G050.6580+01.0203,IR-Quiet
G050.6802-00.7867,IR-Quiet
G050.6803-00.3397,Radio-Star
G050.7525-00.6541,IR-Quiet
G050.8097+00.4472,IR-Quiet
G050.8136-01.0694,IR-Quiet
G050.8202+01.0010,IR-Quiet
G050.8235+00.2414,IR-Quiet
G050.8365+00.3521,IR-Quiet
G050.8441-00.3763,IR-Quiet
G050.8582-00.5556,IR-Quiet
G050.8793+00.8071,IR-Quiet
G050.8950+00.0572,PN
G050.9075-00.7672,Radio-Galaxy (Lobe)
G050.9079-00.7674,Radio-Galaxy (Lobe)
G050.9081+00.7965,IR-Quiet
G050.9475+00.8473,Radio-Galaxy (Lobe)
G050.9493+00.8509,Radio-Galaxy (Lobe)
G050.9679+00.0457,IR-Quiet
G050.9698+00.8898,Galaxy
G050.9831-00.3353,IR-Quiet
G050.9842+01.0625,IR-Quiet
G051.0090+00.4319,IR-Quiet
G051.0267+00.0969,IR-Quiet
G051.0505-00.6427,Radio-Star
G051.1114+00.9102,Radio-Galaxy (Lobe)
G051.1136+00.9091,Radio-Galaxy (Lobe)
G051.1948+00.8457,IR-Quiet
G051.2100-01.0785,IR-Quiet
G051.2170-00.9989,IR-Quiet
G051.2444-00.0605,IR-Quiet
G051.2557+00.2523,IR-Quiet
G051.2706+00.2794,Galaxy
G051.2773+00.1542,IR-Quiet
G051.2984-01.0802,Radio-Star
G051.3193+00.7852,IR-Quiet
G051.3494+00.2448,IR-Quiet
G051.3580+00.7737,IR-Quiet
G051.3627+00.7729,IR-Quiet
G051.3839+00.8595,IR-Quiet
G051.4105+00.4006,Radio-Galaxy (Lobe)
G051.4106+00.4014,Radio-Galaxy (Lobe)
G051.4142+00.7809,IR-Quiet
G051.4169+00.5157,IR-Quiet
G051.4639-00.7026,Radio-Galaxy (Lobe)
G051.4687-00.6995,Radio-Galaxy (Lobe)
G051.4899-00.9893,IR-Quiet
G051.5067-00.7238,Radio-Galaxy (Lobe)
G051.5068-00.7233,Radio-Galaxy (Lobe)
G051.5095+00.1686,PN
G051.5186-00.4555,IR-Quiet
G051.5292+01.0373,IR-Quiet
G051.5482-00.5100,Radio-Star
G051.5623+00.4438,IR-Quiet
G051.5679+00.0181,IR-Quiet
G051.5869+00.4807,IR-Quiet
G051.6061+00.9140,PN
G051.6210+00.5989,IR-Quiet
G051.6363-00.0717,IR-Quiet
G051.6564-00.9847,IR-Quiet
G051.6719-01.0379,IR-Quiet
G051.6785+00.7193,UCHII
G051.7019+00.3531,Radio-Galaxy (Lobe)
G051.7087-00.4890,IR-Quiet
G051.7134-00.0192,IR-Quiet
G051.7472+00.4486,IR-Quiet
G051.7503-00.3624,IR-Quiet
G051.7714+00.6096,Radio-Galaxy (Lobe)
G051.7814+00.6013,Radio-Galaxy (Lobe)
G051.7820-00.5873,IR-Quiet
G051.8062+00.0389,IR-Quiet
G051.8230-00.4339,Radio-Galaxy (Lobe)
G051.8235-00.4353,Radio-Galaxy (Lobe)
G051.8341+00.2838,PN
G051.8556+00.2687,IR-Quiet
G051.8713+00.3549,IR-Quiet
G051.9056+00.2938,IR-Quiet
G051.9284+00.4242,IR-Quiet
G051.9407-00.2206,IR-Quiet
G051.9528+00.0128,IR-Quiet
G051.9859+00.8436,IR-Quiet
G052.0011-00.5305,IR-Quiet
G052.0991+01.0432,HII-Region
G052.0997-01.0014,IR-Quiet
G052.1498-00.3758,PN
G052.1518+00.5348,IR-Quiet
G052.1695+00.8756,Radio-Star
G052.2274-01.0154,IR-Quiet
G052.2777-00.7410,IR-Quiet
G052.2845-00.7512,IR-Quiet
G052.3123+00.1372,IR-Quiet
G052.3218+01.1029,IR-Quiet
G052.3369+00.2148,IR-Quiet
G052.3695-00.1591,IR-Quiet
G052.3852-00.2117,IR-Quiet
G052.4109-00.0206,IR-Quiet
G052.4324-00.7897,IR-Quiet
G052.4515-00.5293,IR-Quiet
G052.4614-00.3562,IR-Quiet
G052.4684+01.0944,IR-Quiet
G052.4827+00.5349,IR-Quiet
G052.4908-00.6596,IR-Quiet
G052.4994+00.3990,IR-Quiet
G052.5207+00.5797,IR-Quiet
G052.5208-00.9778,IR-Quiet
G052.5602+01.1275,IR-Quiet
G052.6227-00.1758,IR-Quiet
G052.6399+00.4864,IR-Quiet
G052.6934+01.0069,IR-Quiet
G052.7107-00.6332,IR-Quiet
G052.7223-00.6384,IR-Quiet
G052.7259-00.1781,IR-Quiet
G052.7533+00.3340,UCHII
G052.7640-01.0077,IR-Quiet
G052.8132+00.7237,IR-Quiet
G052.8403-00.5983,IR-Quiet
G052.8531+00.4455,IR-Quiet
G052.8715+01.1637,Radio-Galaxy (Lobe)
G052.8739+01.1664,Radio-Galaxy (Lobe)
G052.8938+00.8335,IR-Quiet
G052.9492-00.7163,IR-Quiet
G052.9944-00.6452,IR-Quiet
G053.0154+00.9168,IR-Quiet
G053.0353+00.3884,IR-Quiet
G053.0610-00.4363,IR-Quiet
G053.0623+01.0190,IR-Quiet
G053.0922-00.6958,IR-Quiet
G053.1368+00.5241,IR-Quiet
G053.1865+00.2085,HII-Region
G053.2101-00.8689,Galaxy
G053.2153+00.3303,IR-Quiet
G053.2345-00.5657,IR-Quiet
G053.2457-00.1177,IR-Quiet
G053.2827+00.1171,Radio-Star
G053.3010-01.0627,Radio-Galaxy (Lobe)
G053.3012+00.0605,IR-Quiet
G053.3026-01.0680,Radio-Galaxy (Lobe)
G053.3156+01.0580,IR-Quiet
G053.3172+00.9974,Radio-Galaxy (Lobe)
G053.3176+00.9979,Radio-Galaxy (Lobe)
G053.3823+01.0824,IR-Quiet
G053.3937+00.7334,Radio-Galaxy (Lobe)
G053.4353+00.5461,IR-Quiet
G053.4610+00.3045,IR-Quiet
G053.4696+00.9874,IR-Quiet
G053.5037-01.0652,IR-Quiet
G053.5061-00.2321,IR-Quiet
G053.5075-00.4404,IR-Quiet
G053.5405+01.0282,IR-Quiet
G053.5447-00.4978,Galaxy
G053.5527-00.6331,IR-Quiet
G053.5879+01.0393,Radio-Star
G053.6080+00.7779,IR-Quiet
G053.6860+00.8403,Radio-Star
G053.6905-00.3057,IR-Quiet
G053.6962+00.8583,Radio-Star
G053.7227-00.9051,IR-Quiet
G053.7274+00.7541,IR-Quiet
G053.7430-01.0398,IR-Quiet
G053.7742+00.5171,IR-Quiet
G053.8488-00.3130,IR-Quiet
G053.8777+00.6279,IR-Quiet
G053.8863+00.6393,IR-Quiet
G053.8927-00.1387,Radio-Galaxy (Lobe)
G053.8929+00.9002,IR-Quiet
G053.8933-00.1381,Radio-Galaxy (Lobe)
G053.8954+00.8414,IR-Quiet
G053.8964+01.1299,IR-Quiet
G053.9174-00.6001,IR-Quiet
G053.9217+00.1304,Radio-Star
G053.9301+00.4220,IR-Quiet
G053.9360+00.8372,IR-Quiet
G053.9589+00.0320,UCHII
G053.9881-00.2070,IR-Quiet
G053.9983+00.6941,IR-Quiet
G054.0221-00.6254,IR-Quiet
G054.0337-00.4453,IR-Quiet
G054.0430-00.6495,IR-Quiet
G054.0630-01.0334,Radio-Star
G054.0631-00.8561,IR-Quiet
G054.0773-00.8149,Radio-Galaxy (Lobe)
G054.0773-00.8119,Radio-Galaxy (Lobe)
G054.0776-00.8126,Radio-Galaxy (Lobe)
G054.0777-00.8134,Radio-Galaxy (Central Source)
G054.0779-00.8119,Radio-Galaxy (Lobe)
G054.1013+00.0996,IR-Quiet
G054.1686-00.0095,Radio-Galaxy (Lobe)
G054.1703-00.0092,Radio-Galaxy (Central Source)
G054.1719-00.0101,Radio-Galaxy (Lobe)
G054.2313+00.3611,IR-Quiet
G054.2478+00.6500,IR-Quiet
G054.2699-00.3348,IR-Quiet
G054.2798-00.7330,Radio-Galaxy (Lobe)
G054.2808-00.7253,Radio-Galaxy (Lobe)
G054.3022-00.7962,IR-Quiet
G054.3291-00.4125,IR-Quiet
G054.3317+01.0091,IR-Quiet
G054.3649-00.8776,IR-Quiet
G054.3980-00.3748,Radio-Star
G054.4453-00.2295,IR-Quiet
G054.4638+00.8305,IR-Quiet
G054.5039-01.1065,IR-Quiet
G054.5134+00.2610,IR-Quiet
G054.5166-01.1232,IR-Quiet
G054.5368+00.3460,Radio-Galaxy (Lobe)
G054.5385+00.3434,Radio-Galaxy (Lobe)
G054.5566+00.3679,IR-Quiet
G054.5865+00.9885,IR-Quiet
G054.6220-00.0056,Radio-Galaxy (Lobe)
G054.6233-00.0078,Radio-Galaxy (Lobe)
G054.6559+00.6203,Radio-Galaxy (Lobe)
G054.6599+00.6111,Radio-Galaxy (Lobe)
G054.6959+00.0635,IR-Quiet
G054.7233+00.6064,IR-Quiet
G054.8135+00.7516,Radio-Galaxy (Lobe)
G054.8150+00.7530,Radio-Galaxy (Lobe)
G054.8740-00.0188,IR-Quiet
G054.8771-01.0294,IR-Quiet
G054.8790+00.8684,IR-Quiet
G054.9066+00.1923,Radio-Galaxy (Lobe)
G054.9083+00.1924,Radio-Galaxy (Lobe)
G054.9420+00.2187,IR-Quiet
G054.9613-00.0945,IR-Quiet
G054.9683-00.1884,Radio-Galaxy (Lobe)
G054.9688-00.1876,Radio-Galaxy (Lobe)
G054.9736+00.7332,IR-Quiet
G055.0651+01.0883,IR-Quiet
G055.0686-00.0449,Galaxy
G055.0689+00.1845,IR-Quiet
G055.0780-00.4273,Radio-Star
G055.0954-00.7796,IR-Quiet
G055.1117+00.9234,Radio-Galaxy (Lobe)
G055.1213+00.6081,IR-Quiet
G055.1259+00.9589,IR-Quiet
G055.1315-00.7239,IR-Quiet
G055.1544+00.8352,IR-Quiet
G055.1693-00.1614,IR-Quiet
G055.1745-00.7090,IR-Quiet
G055.2152+00.8774,IR-Quiet
G055.2201-00.3240,IR-Quiet
G055.2252-01.0240,IR-Quiet
G055.2264-00.9617,IR-Quiet
G055.2457-01.1345,IR-Quiet
G055.2656-00.1373,IR-Quiet
G055.2847-01.0393,Radio-Galaxy (Lobe)
G055.2849-01.0381,Radio-Galaxy (Lobe)
G055.2943+00.2898,IR-Quiet
G055.2985+00.7234,IR-Quiet
G055.3096-01.0281,IR-Quiet
G055.3358-00.7524,IR-Quiet
G055.3641+01.0578,IR-Quiet
G055.3744-00.1126,IR-Quiet
G055.3753-00.4873,Radio-Star
G055.4464-01.1435,IR-Quiet
G055.4501+00.2839,IR-Quiet
G055.4660+00.9142,IR-Quiet
G055.5055-01.1535,IR-Quiet
G055.5070-00.5579,PN
G055.5083+00.5022,IR-Quiet
G055.5268-01.1515,IR-Quiet
G055.5437-00.1831,IR-Quiet
G055.5797+00.3561,Radio-Galaxy (Lobe)
G055.5800+00.3566,Radio-Galaxy (Lobe)
G055.6183+00.4893,IR-Quiet
G055.6361+00.3249,Radio-Galaxy (Lobe)
G055.6364+00.3269,Radio-Galaxy (Central Source)
G055.6390-00.1844,IR-Quiet
G055.6596-00.2714,IR-Quiet
G055.6632+00.5028,IR-Quiet
G055.6725-00.4216,IR-Quiet
G055.6853-00.3844,IR-Quiet
G055.7720-00.2483,Radio-Galaxy (Lobe)
G055.7737-00.2528,Radio-Galaxy (Central Source)
G055.7771-00.2581,Radio-Galaxy (Lobe)
G055.7857-00.5381,IR-Quiet
G055.7904+00.0230,IR-Quiet
G055.8125-00.6911,IR-Quiet
G055.8161+00.5890,Radio-Star
G055.8169-00.8698,IR-Quiet
G055.8178+00.4308,Radio-Galaxy (Lobe)
G055.8202+00.4328,Radio-Galaxy (Lobe)
G055.8753-00.4130,Radio-Star
G055.9173+00.7377,IR-Quiet
G055.9394+00.3001,IR-Quiet
G055.9616+00.7596,IR-Quiet
G056.0003-00.4505,Galaxy
G056.0224+00.5188,IR-Quiet
G056.0441-00.2746,IR-Quiet
G056.0623+00.8847,Radio-Galaxy (Lobe)
G056.0691+00.8882,Radio-Galaxy (Lobe)
G056.0759+00.2487,IR-Quiet
G056.0819+00.1052,IR-Quiet
G056.1104-00.8535,IR-Quiet
G056.1572-00.9937,IR-Quiet
G056.1598-00.7966,IR-Quiet
G056.1767+00.9806,IR-Quiet
G056.1776+00.7623,Radio-Star
G056.1784+00.7624,Radio-Star
G056.1910+00.6908,IR-Quiet
G056.1963-00.3366,IR-Quiet
G056.2036+00.8810,IR-Quiet
G056.2603-00.1119,IR-Quiet
G056.2965+00.3154,Radio-Star
G056.3433+00.4195,IR-Quiet
G056.3482+00.3926,Radio-Galaxy (Lobe)
G056.3488+00.3956,Radio-Galaxy (Lobe)
G056.3640+00.6171,IR-Quiet
G056.3697-00.2245,Radio-Star
G056.3900+00.7553,IR-Quiet
G056.3984+00.1608,Radio-Star
G056.4016-00.9033,PN
G056.4045+00.8558,IR-Quiet
G056.4465-00.1423,IR-Quiet
G056.4757-00.0297,IR-Quiet
G056.5540-00.0669,IR-Quiet
G056.5588-00.4727,Radio-Galaxy (Lobe)
G056.6143+00.1710,Radio-Galaxy (Lobe)
G056.6163+00.1706,Radio-Galaxy (Lobe)
G056.6166+00.1222,IR-Quiet
G056.7333-00.1936,IR-Quiet
G056.7343+00.0682,IR-Quiet
G056.8050-00.6490,IR-Quiet
G056.8502-01.0232,Galaxy
G056.8508+00.9779,Radio-Galaxy (Lobe)
G056.8559+00.9711,Radio-Galaxy (Lobe)
G056.8880+00.4710,IR-Quiet
G056.8937-00.2406,IR-Quiet
G056.9063+00.1874,IR-Quiet
G056.9090+00.7296,Radio-Galaxy (Lobe)
G056.9097+00.7295,Radio-Galaxy (Lobe)
G056.9167+00.5015,IR-Quiet
G056.9260-00.7087,IR-Quiet
G056.9562-00.5317,IR-Quiet
G057.0097+00.1722,Radio-Star
G057.0175-00.9674,IR-Quiet
G057.0449-00.3818,IR-Quiet
G057.0960-00.5914,Radio-Galaxy (Lobe)
G057.0978-00.5930,Radio-Galaxy (Lobe)
G057.1313-00.1391,IR-Quiet
G057.1581-00.8058,IR-Quiet
G057.1828-00.3656,IR-Quiet
G057.2142-00.1156,IR-Quiet
G057.2595-00.7933,IR-Quiet
G057.3066+00.5467,Radio-Galaxy (Lobe)
G057.3077+00.5498,Radio-Galaxy (Lobe)
G057.3233+00.3858,Radio-Star
G057.3240+00.5603,IR-Quiet
G057.3441+00.5611,Radio-Star
G057.5032-00.7301,IR-Quiet
G057.5066-00.0431,Radio-Galaxy (Lobe)
G057.5111-00.0497,Radio-Galaxy (Lobe)
G057.5352+00.2266,PN
G057.5409-00.4548,IR-Quiet
G057.5428-00.0492,IR-Quiet
G057.5474-00.2717,Diffuse HII-Region
G057.5509+00.1992,IR-Quiet
G057.6460+00.6120,IR-Quiet
G057.6952+00.3560,IR-Quiet
G057.7009-00.4561,IR-Quiet
G057.7091+00.6548,IR-Quiet
G057.8576-00.1816,IR-Quiet
G057.8655-00.1706,IR-Quiet
G057.8736+00.6367,IR-Quiet
G057.8791-00.4613,IR-Quiet
G057.8902+00.7893,IR-Quiet
G057.8910-00.9456,IR-Quiet
G057.9200-00.2572,IR-Quiet
G057.9368+00.6293,IR-Quiet
G057.9399-00.4380,IR-Quiet
G057.9772+00.7804,IR-Quiet
G057.9945+00.3737,IR-Quiet
G058.0071+00.5260,Radio-Star
G058.0189-00.8784,IR-Quiet
G058.0679-00.0567,IR-Quiet
G058.1218-00.4078,IR-Quiet
G058.1591+00.9049,IR-Quiet
G058.1591-00.5499,PN
G058.1814-00.6116,IR-Quiet
G058.1872+00.9312,Radio-Galaxy (Lobe)
G058.1890+00.9306,Radio-Galaxy (Lobe)
G058.1970-00.4422,IR-Quiet
G058.1975-00.8242,IR-Quiet
G058.2226-00.8810,IR-Quiet
G058.2366-00.2466,IR-Quiet
G058.3595-00.5207,IR-Quiet
G058.3616-00.5001,IR-Quiet
G058.3932+00.3446,IR-Quiet
G058.4010+00.5487,IR-Quiet
G058.4071-00.2104,IR-Quiet
G058.4077+00.6184,IR-Quiet
G058.4338+00.1788,IR-Quiet
G058.4509+00.5662,IR-Quiet
G058.4889-00.4193,IR-Quiet
G058.5151-00.4601,IR-Quiet
G058.5220-00.0874,IR-Quiet
G058.5300+01.0802,Radio-Galaxy (Lobe)
G058.5330+01.0815,Radio-Galaxy (Lobe)
G058.5350-00.4302,IR-Quiet
G058.5389-00.2170,IR-Quiet
G058.5476+00.4394,IR-Quiet
G058.5793-00.5603,IR-Quiet
G058.6213-00.3335,IR-Quiet
G058.6387-00.7373,IR-Quiet
G058.6410+00.9196,PN
G058.6721-00.0470,IR-Quiet
G058.6881+00.7630,IR-Quiet
G058.7210+01.0973,Galaxy
G058.7245+00.0418,IR-Quiet
G058.7605-00.4772,IR-Quiet
G058.7670-00.7248,Radio-Galaxy (Lobe)
G058.7679-00.7235,Radio-Galaxy (Central Source)
G058.7691-00.7215,Radio-Galaxy (Lobe)
G058.7739+00.6457,UCHII
G058.8167-00.8595,IR-Quiet
G058.8515-00.8049,Radio-Galaxy (Lobe)
G058.8545-00.8193,IR-Quiet
G058.8617+00.1678,IR-Quiet
G058.8753+00.1435,IR-Quiet
G058.8857+00.9898,IR-Quiet
G058.9202+00.5399,IR-Quiet
G058.9334+00.0625,IR-Quiet
G058.9598+00.5001,Galaxy
G058.9606+00.5318,Galaxy
G058.9658+00.2197,Radio-Galaxy (Lobe)
G058.9687+00.2084,Radio-Galaxy (Central Source)
G058.9707+00.2003,Radio-Galaxy (Lobe)
G058.9952-00.0509,IR-Quiet
G059.0316+00.8496,IR-Quiet
G059.0340+00.3390,IR-Quiet
G059.0764+00.0221,Radio-Galaxy (Lobe)
G059.0768+00.0216,Radio-Galaxy (Lobe)
G059.0819-01.0304,IR-Quiet
G059.0901-01.0570,Radio-Star
G059.0907-00.4119,IR-Quiet
G059.1099+00.2091,IR-Quiet
G059.1108+00.0189,Radio-Galaxy (Lobe)
G059.1158+00.0183,Radio-Galaxy (Central Source)
G059.1171+00.0183,Radio-Galaxy (Lobe)
G059.1274-00.1855,IR-Quiet
G059.1367-00.6565,IR-Quiet
G059.1393+00.6627,IR-Quiet
G059.1509+00.0638,IR-Quiet
G059.1808-01.0626,IR-Quiet
G059.1910-00.0700,IR-Quiet
G059.1943-00.4468,IR-Quiet
G059.2023-00.2040,IR-Quiet
G059.2309-00.3877,Radio-Star
G059.2311+00.9055,IR-Quiet
G059.2316+00.9054,IR-Quiet
G059.2838-00.9553,IR-Quiet
G059.2965+00.5891,IR-Quiet
G059.3249+00.3289,IR-Quiet
G059.3430+00.9797,IR-Quiet
G059.3543+00.0555,IR-Quiet
G059.3839-00.2197,Radio-Galaxy (Lobe)
G059.3842-00.2229,Radio-Galaxy (Lobe)
G059.3987-00.7880,PN
G059.4000-00.9454,IR-Quiet
G059.4295-00.4912,IR-Quiet
G059.4462-00.9738,IR-Quiet
G059.4814-00.3736,Radio-Galaxy (Lobe)
G059.4814-00.3742,Radio-Galaxy (Lobe)
G059.4824-00.8814,IR-Quiet
G059.5157+00.3728,IR-Quiet
G059.5478+01.1579,IR-Quiet
G059.5627-00.1081,IR-Quiet
G059.5694+00.0497,IR-Quiet
G059.5987-00.0694,Radio-Galaxy (Lobe)
G059.6025-00.0724,IR-Quiet
G059.6027+00.9118,UCHII
G059.6107+00.7213,IR-Quiet
G059.6129-01.0014,Radio-Star
G059.6351-01.0736,Radio-Galaxy (Lobe)
G059.6599+00.1383,IR-Quiet
G059.6713-00.2059,IR-Quiet
G059.6786-01.0884,Radio-Star
G059.7240+00.6439,IR-Quiet
G059.7675-00.0417,IR-Quiet
G059.8189-00.4775,Radio-Galaxy (Lobe)
G059.8198-00.4796,Radio-Galaxy (Central Source)
G059.8204-00.4805,Radio-Galaxy (Lobe)
G059.8236-00.5361,PN
G059.8362-00.7798,IR-Quiet
G059.8649+00.7650,IR-Quiet
G059.8818+00.3878,IR-Quiet
G059.9080+00.1991,IR-Quiet
G059.9133-00.9177,IR-Quiet
G059.9400-00.1572,IR-Quiet
G059.9401+01.0185,IR-Quiet
G059.9472-01.0469,IR-Quiet
G060.0091-00.5971,IR-Quiet
G060.0314-00.0749,IR-Quiet
G060.0538+00.3043,Radio-Galaxy (Lobe)
G060.0538+00.3053,Radio-Galaxy (Lobe)
G060.0695+00.5098,IR-Quiet
G060.1149+00.2843,IR-Quiet
G060.1763-00.7848,IR-Quiet
G060.2098+00.2986,Galaxy
G060.3059-00.4167,IR-Quiet
G060.3185+01.1147,IR-Quiet
G060.3563+00.4851,IR-Quiet
G060.3580+00.4892,IR-Quiet
G060.3718-00.3553,IR-Quiet
G060.3878+00.4225,IR-Quiet
G060.4007-00.6793,IR-Quiet
G060.4263+00.9038,IR-Quiet
G060.4337+00.4952,IR-Quiet
G060.4366+01.0627,IR-Quiet
G060.4415+01.1410,IR-Quiet
G060.4434+00.1023,IR-Quiet
G060.4632-00.2523,IR-Quiet
G060.5175+00.1444,IR-Quiet
G060.6319+00.6519,Galaxy
G060.6408+01.0290,IR-Quiet
G060.6455-00.2666,IR-Quiet
G060.6569-00.2010,IR-Quiet
G060.6667+00.0124,IR-Quiet
G060.6878-00.3104,IR-Quiet
G060.7162-00.5525,IR-Quiet
G060.7663-00.2842,IR-Quiet
G060.7749+00.5043,IR-Quiet
G060.7862-00.6360,Radio-Galaxy (Central Source)
G060.7886+00.8175,IR-Quiet
G060.7934+00.4364,IR-Quiet
G060.8042-00.6321,Radio-Galaxy (Lobe)
G060.8228-00.3612,IR-Quiet
G060.8480-00.8954,PN
G060.8603+00.6666,IR-Quiet
G060.8831-00.3962,IR-Quiet
G060.8838-00.1295,HII-Region
G060.8842-00.1286,UCHII
G060.9057-00.7578,IR-Quiet
G060.9214-00.0031,IR-Quiet
G060.9485+00.8112,IR-Quiet
G060.9554+01.0859,IR-Quiet
G060.9678-00.8903,IR-Quiet
G060.9866-00.5698,PN
G060.9934+00.8906,IR-Quiet
G061.0011-00.7942,IR-Quiet
G061.0369+00.7020,IR-Quiet
G061.0436-00.7456,IR-Quiet
G061.0498-00.8797,Galaxy
G061.0648+00.5075,Galaxy
G061.0812+01.0578,Radio-Galaxy (Lobe)
G061.0825+01.0584,Radio-Galaxy (Lobe)
G061.1149+01.1747,Radio-Galaxy (Lobe)
G061.1222+01.1753,Radio-Galaxy (Central Source)
G061.1457+00.1479,IR-Quiet
G061.1482+00.3511,IR-Quiet
G061.1570-00.6923,IR-Quiet
G061.1735-00.2033,IR-Quiet
G061.1966-01.0421,Radio-Star
G061.1991-00.2686,IR-Quiet
G061.2439-00.2274,Radio-Galaxy (Lobe)
G061.2653+00.7842,Radio-Galaxy (Lobe)
G061.2875-00.3327,HII-Region
G061.3008-00.7228,IR-Quiet
G061.3319+00.2422,Radio-Star
G061.3730+00.6861,IR-Quiet
G061.3818+00.5022,IR-Quiet
G061.3850-00.4064,IR-Quiet
G061.3851+00.7470,IR-Quiet
G061.4190-00.6123,IR-Quiet
G061.4270+00.9990,IR-Quiet
G061.4758+00.0913,HII-Region
G061.4763+00.0892,UCHII
G061.4770+00.0891,UCHII
G061.4794+01.0934,IR-Quiet
G061.4810+00.5009,IR-Quiet
G061.5368+00.5572,Radio-Star
G061.5399+00.4666,IR-Quiet
G061.5488-00.8916,IR-Quiet
G061.5577-01.0218,IR-Quiet
G061.5646-00.7147,IR-Quiet
G061.5792+00.8641,IR-Quiet
G061.6148-00.8149,IR-Quiet
G061.6181+00.3567,Radio-Galaxy (Lobe)
G061.6192+00.3552,Radio-Galaxy (Lobe)
G061.6230-00.3038,IR-Quiet
G061.6283-00.8221,IR-Quiet
G061.6747+00.0061,IR-Quiet
G061.6778-01.0733,IR-Quiet
G061.6942+00.9207,Radio-Galaxy (Lobe)
G061.7207+00.8630,UCHII
G061.7520+00.0908,Radio-Star
G061.8696-01.0825,IR-Quiet
G061.8746+00.9447,IR-Quiet
G061.8793-00.8984,IR-Quiet
G061.8995-00.9312,IR-Quiet
G061.9431+00.3915,IR-Quiet
G061.9513+00.2499,IR-Quiet
G061.9559-00.8719,IR-Quiet
G061.9719+00.5658,IR-Quiet
G062.0001+00.4261,IR-Quiet
G062.0205+00.2823,IR-Quiet
G062.0523-00.7281,Radio-Galaxy (Lobe)
G062.0643-00.9392,Radio-Galaxy (Lobe)
G062.0728-00.9470,Radio-Galaxy (Lobe)
G062.0781+00.6077,Radio-Galaxy (Lobe)
G062.0783+00.6091,Radio-Galaxy (Lobe)
G062.0784+00.6084,Radio-Galaxy (Central Source)
G062.1633+00.6298,IR-Quiet
G062.1846-00.4359,IR-Quiet
G062.1912-00.5341,IR-Quiet
G062.2004-01.0471,IR-Quiet
G062.2005+00.7994,IR-Quiet
G062.2164+00.3221,Radio-Star
G062.2243-00.3880,IR-Quiet
G062.2393+00.3308,IR-Quiet
G062.2713+00.5548,IR-Quiet
G062.2814-00.9628,IR-Quiet
G062.3015-00.3755,IR-Quiet
G062.3279-01.0745,IR-Quiet
G062.3292-01.0738,IR-Quiet
G062.3592-00.9570,Radio-Galaxy (Lobe)
G062.3643-00.9569,Radio-Galaxy (Lobe)
G062.3652-00.9567,Radio-Galaxy (Lobe)
G062.3659-00.9566,Radio-Galaxy (Lobe)
G062.3664-00.9562,Radio-Galaxy (Lobe)
G062.3714-00.9549,Radio-Galaxy (Lobe)
G062.4650-00.3744,IR-Quiet
G062.4879+00.8451,IR-Quiet
G062.4936-00.2699,PN
G062.5083-00.9139,IR-Quiet
G062.5117+00.5303,Radio-Galaxy (Lobe)
G062.5128+00.5302,Radio-Galaxy (Lobe)
G062.5466-00.3749,IR-Quiet
G062.5469-00.8978,IR-Quiet
G062.5665+00.0025,IR-Quiet
G062.5827+00.1162,Galaxy
G062.5827+00.0067,Radio-Galaxy (Lobe)
G062.5858+00.0116,Radio-Galaxy (Lobe)
G062.6008+00.6641,Galaxy
G062.6035+00.0168,IR-Quiet
G062.6356+00.5615,IR-Quiet
G062.6373-00.3834,Galaxy
G062.6550+00.4825,IR-Quiet
G062.6598+00.4481,IR-Quiet
G062.7180+00.8844,IR-Quiet
G062.7551-00.7262,PN
G062.7624+00.6302,Radio-Galaxy (Lobe)
G062.7662+00.6303,Radio-Galaxy (Lobe)
G062.7842+01.0385,IR-Quiet
G062.7932-00.9277,IR-Quiet
G062.7963+00.9887,IR-Quiet
G062.8660+00.1410,IR-Quiet
G062.9124-00.5469,IR-Quiet
G062.9554+00.1424,IR-Quiet
G062.9634-00.5099,Radio-Galaxy (Lobe)
G062.9761+00.7832,IR-Quiet
G062.9780+00.0555,IR-Quiet
G062.9783-00.4693,IR-Quiet
G062.9803-00.9480,IR-Quiet
G062.9871+00.6863,IR-Quiet
G063.0014+00.8169,IR-Quiet
G063.0132+00.9805,IR-Quiet
G063.0151+01.0210,Radio-Galaxy (Lobe)
G063.0200+01.0184,Radio-Galaxy (Lobe)
G063.0255+00.7767,IR-Quiet
G063.0455+00.5977,PN
G063.0719-00.7764,Radio-Galaxy (Lobe)
G063.1567+01.0178,IR-Quiet
G063.1727+00.9163,IR-Quiet
G063.1743-00.2311,IR-Quiet
G063.1763+00.8147,IR-Quiet
G063.1828-01.0377,Galaxy
G063.1962+00.9797,IR-Quiet
G063.2366+00.8834,IR-Quiet
G063.2585-00.5838,IR-Quiet
G063.3027-00.8093,IR-Quiet
G063.3216-00.3603,IR-Quiet
G063.4923-00.5914,Radio-Star
G063.5013+00.4657,IR-Quiet
G063.5031+00.7082,IR-Quiet
G063.5463-00.0732,IR-Quiet
G063.5564+00.4411,IR-Quiet
G063.5661+00.2767,IR-Quiet
G063.6058-00.7574,IR-Quiet
G063.6129+00.1425,IR-Quiet
G063.6195-00.5529,Other
G063.6612+00.6081,IR-Quiet
G063.7043-00.7771,IR-Quiet
G063.7126+00.9893,Radio-Galaxy (Lobe)
G063.7139+00.9880,Radio-Galaxy (Lobe)
G063.7433+00.7697,IR-Quiet
G063.7500+00.7874,IR-Quiet
G063.7627+00.4185,IR-Quiet
G063.7831-00.7739,IR-Quiet
G063.8515+00.0716,Radio-Galaxy (Lobe)
G063.8554+00.0635,Radio-Galaxy (Lobe)
G063.8630+00.2488,IR-Quiet
G063.8686+00.2530,Radio-Galaxy (Lobe)
G063.8694+00.2526,Radio-Galaxy (Lobe)
G063.8734+00.0985,IR-Quiet
G063.8889+01.0640,IR-Quiet
G063.8893+00.1229,PN
G063.9189-00.5290,IR-Quiet
G063.9423-00.6032,IR-Quiet
G063.9484+00.6194,IR-Quiet
G063.9488-00.2318,IR-Quiet
G063.9950-01.0271,IR-Quiet
G064.0009-00.7686,IR-Quiet
G064.0070+00.1331,IR-Quiet
G064.0140+00.8513,IR-Quiet
G064.0193-00.8460,IR-Quiet
G064.0344+00.7573,IR-Quiet
G064.0692-00.6491,Radio-Galaxy (Lobe)
G064.0731-00.6491,Radio-Galaxy (Lobe)
G064.0944-00.0857,IR-Quiet
G064.1310-00.4719,Diffuse HII-Region
G064.1364+00.2742,IR-Quiet
G064.1578+00.4487,IR-Quiet
G064.1726+00.5792,IR-Quiet
G064.2017+00.5275,IR-Quiet
G064.2053-00.6236,IR-Quiet
G064.2143-01.0345,Radio-Galaxy (Lobe)
G064.2187-01.0478,Radio-Galaxy (Lobe)
G064.2590+00.3174,IR-Quiet
G064.2622+00.4983,IR-Quiet
G064.2658-00.5318,IR-Quiet
G064.2704+00.1861,IR-Quiet
G064.2895+00.0384,IR-Quiet
G064.3188+00.2019,IR-Quiet
G064.3244-00.8678,IR-Quiet
G064.3305+00.4804,IR-Quiet
G064.3504-00.1877,IR-Quiet
G064.3818-00.7572,Radio-Galaxy (Lobe)
G064.3831-00.7582,Radio-Galaxy (Lobe)
G064.4149+00.9513,Radio-Galaxy (Lobe)
G064.4239-01.1035,IR-Quiet
G064.4505-00.7539,IR-Quiet
G064.4541-01.1543,Radio-Galaxy (Lobe)
G064.4590+00.0580,IR-Quiet
G064.4642-01.1407,Radio-Galaxy (Lobe)
G064.5075-00.4010,IR-Quiet
G064.5390+00.2416,IR-Quiet
G064.5482-00.3470,IR-Quiet
G064.5542+00.0197,IR-Quiet
G064.5654+00.1132,Radio-Galaxy (Lobe)
G064.5670+00.1068,Radio-Galaxy (Lobe)
G064.5829-00.2769,IR-Quiet
G064.6029+00.8270,IR-Quiet
G064.6544-00.5081,IR-Quiet
G064.6805-00.4992,IR-Quiet
G064.7201+00.8261,IR-Quiet
G064.7590+00.0655,IR-Quiet
G064.7919+00.4942,IR-Quiet
G064.8236+00.6115,IR-Quiet
G064.8268+00.4950,Radio-Star
G064.8274+00.4943,Radio-Star
G064.8525-00.8118,Radio-Galaxy (Lobe)
G064.8538-00.8150,Radio-Galaxy (Lobe)
G064.8706+00.5938,IR-Quiet
G064.8744+00.3549,IR-Quiet
G064.8986+00.7475,Radio-Galaxy (Lobe)
G064.8989+00.7479,Radio-Galaxy (Lobe)
G064.9094-00.3428,IR-Quiet
G064.9173-00.9361,IR-Quiet
G064.9340-00.2883,Radio-Galaxy (Lobe)
G064.9371+00.5666,IR-Quiet
G064.9401-00.2881,Radio-Galaxy (Lobe)
G064.9404+00.6866,IR-Quiet
G064.9444+00.8051,Radio-Galaxy (Lobe)
G064.9457-00.6573,Radio-Galaxy (Lobe)
G064.9757+00.9720,IR-Quiet
G064.9831-00.4762,IR-Quiet
G064.9854-01.1277,IR-Quiet
G064.9899+00.1157,IR-Quiet
G065.0020-00.6755,Radio-Galaxy (Lobe)
G065.0029-00.6750,Radio-Galaxy (Lobe)
G065.0031-00.0828,Radio-Galaxy (Lobe)
G065.0035-00.0836,Radio-Galaxy (Lobe)
G065.0337+00.7601,IR-Quiet
G065.1596-00.5956,Radio-Galaxy (Lobe)
G065.1719+00.1198,IR-Quiet
G065.1770+00.1075,IR-Quiet
G065.2147-00.8903,Radio-Galaxy (Lobe)
G065.2164-00.8911,Radio-Galaxy (Lobe)
G065.2198-00.4109,IR-Quiet
G065.2462+00.3505,Radio-Star
G065.2912-00.8768,IR-Quiet
G065.2978-00.6863,IR-Quiet
G065.3071-00.2139,IR-Quiet
G065.3209+00.2325,Radio-Galaxy (Lobe)
G065.3231+00.2323,Radio-Galaxy (Lobe)
G065.3758+00.5036,IR-Quiet
G065.4060-00.8076,IR-Quiet
G065.4433-00.2946,IR-Quiet
G065.4610-00.4213,IR-Quiet
G065.5434-00.4345,IR-Quiet
